[2026-08-28T04:51:29] [1/1990] 'Moscow State University' -> 8e/7r in 16.8s
[2026-08-28T04:51:36] [2/1990] 'Sergei Roshchin' -> 5e/3r in 7.1s
[2026-08-28T04:51:43] [3/1990] 'Sergei Kornilenko' -> 5e/5r in 7.5s
[2026-08-28T04:51:50] [4/1990] 'Sergei Chikildin' -> 4e/2r in 6.1s
[2026-08-28T04:51:59] [5/1990] 'Sergei Sholokhov' -> 8e/5r in 9.7s
[2026-08-28T04:52:05] [6/1990] 'Sergei Panchin' -> 3e/2r in 5.3s
[2026-08-28T04:52:10] [7/1990] 'Sergei Kosarev' -> 4e/2r in 5.7s
[2026-08-28T04:52:17] [8/1990] 'Sergei Dmitrochenko' -> 5e/3r in 6.7s
[2026-08-28T04:52:24] [9/1990] 'Sergei Aleksandrovich Tokarev' -> 5e/4r in 7.1s
[2026-08-28T04:52:33] [10/1990] 'Sergei Aleksandrovich Kudryavtsev' -> 6e/4r in 8.3s
[2026-08-28T04:52:42] [11/1990] 'Black Book of the Admiralty' -> 7e/5r in 9.5s
[2026-08-28T04:52:55] [12/1990] 'Black Book (World War II)' -> 10e/9r in 12.9s
[2026-08-28T04:53:03] [13/1990] 'Books of Clanranald' -> 9e/0r in 7.2s
[2026-08-28T04:53:13] [14/1990] 'Black Book (novel)' -> 9e/7r in 10.1s
[2026-08-28T04:53:22] [15/1990] 'Black Book (non-standard disc format)' -> 8e/7r in 8.9s
[2026-08-28T04:53:30] [16/1990] 'Le Livre noir du capitalisme' -> 6e/4r in 8.2s
[2026-08-28T04:53:45] [17/1990] 'Black Book (film)' -> 13e/13r in 14.8s
[2026-08-28T04:53:55] [18/1990] 'Yazidi Book of Revelation' -> 6e/4r in 9.7s
[2026-08-28T04:54:00] [19/1990] 'Halina Reijn' -> 3e/2r in 5.2s
[2026-08-28T04:54:23] [20/1990] 'Neil Smith (writer)' -> 19e/18r in 22.7s
[2026-08-28T04:54:33] [21/1990] 'American Beauty (1927 film)' -> 8e/7r in 10.5s
[2026-08-28T04:54:42] [22/1990] 'Miss American Beauty 1963' -> 5e/4r in 8.4s
[2026-08-28T04:55:07] [23/1990] 'Coty, Inc.' -> 21e/19r in 25.8s
[2026-08-28T04:55:18] [24/1990] 'La Belle Américaine' -> 8e/8r in 11.0s
[2026-08-28T04:55:29] [25/1990] 'List of accolades received by American Beauty' -> 8e/7r in 10.7s
[2026-08-28T04:55:44] [26/1990] 'American Beauty/American Psycho Tour' -> 10e/7r in 14.7s
[2026-08-28T04:55:53] [27/1990] 'The Kids Aren't Alright (Fall Out Boy song)' -> 6e/5r in 9.0s
[2026-08-28T04:56:04] [28/1990] 'Christopher Greenbury' -> 10e/5r in 10.4s
[2026-08-28T04:56:25] [29/1990] 'American Beauty (1999 film)' -> 23e/16r in 21.8s
[2026-08-28T04:56:32] [30/1990] 'American Beauty (soundtrack)' -> 4e/3r in 6.6s
[2026-08-28T04:56:42] [31/1990] 'Florida Senate' -> 8e/7r in 10.2s
[2026-08-28T04:56:52] [32/1990] 'Wisconsin Legislature' -> 7e/5r in 9.1s
[2026-08-28T04:57:05] [33/1990] 'Ken Pruitt' -> 10e/9r in 13.5s
[2026-08-28T04:57:14] [34/1990] 'Senate of Burkina Faso' -> 6e/5r in 9.3s
[2026-08-28T04:57:32] [35/1990] 'Murtaza Ahmed Khan' -> 10e/9r in 17.4s
[2026-08-28T04:57:43] [36/1990] 'New South Wales Legislative Council' -> 8e/7r in 11.3s
[2026-08-28T04:57:55] [37/1990] 'Nevada Legislature' -> 10e/8r in 12.1s
[2026-08-28T04:58:08] [38/1990] 'Upper house' -> 10e/9r in 12.3s
[2026-08-28T04:58:19] [39/1990] 'Alaska Legislature' -> 9e/6r in 10.7s
[2026-08-28T04:58:30] [40/1990] 'Icelandic parliamentary election, 1930' -> 8e/6r in 11.3s
[2026-08-28T04:58:42] [41/1990] 'List of Amanita species' -> 9e/6r in 11.8s
[2026-08-28T04:58:56] [42/1990] 'Calyptocephalellidae' -> 10e/8r in 14.5s
[2026-08-28T04:59:10] [43/1990] 'Leptofoenus' -> 10e/9r in 13.2s
[2026-08-28T04:59:26] [44/1990] 'Banksiamyces' -> 14e/10r in 16.2s
[2026-08-28T04:59:46] [45/1990] 'Megalurus' -> 23e/12r in 19.9s
[2026-08-28T04:59:46] [GPU GUARD] paused at 79C (threshold 79C)
[2026-08-28T05:01:02] [GPU GUARD] resumed at 55C
[2026-08-28T05:01:07] [46/1990] 'Greyia' -> 3e/2r in 5.1s
[2026-08-28T05:01:25] [47/1990] 'Lophodermium' -> 13e/12r in 18.3s
[2026-08-28T05:01:41] [48/1990] 'Pachyornis' -> 8e/11r in 15.5s
[2026-08-28T05:01:58] [49/1990] 'Calibanus' -> 13e/12r in 16.6s
[2026-08-28T05:02:12] [50/1990] 'Ceratozamia' -> 11e/9r in 14.1s
[2026-08-28T05:02:17] [51/1990] 'Tom Clancy's Net Force Explorers: Deathworld' -> 4e/1r in 5.3s
[2026-08-28T05:02:24] [52/1990] 'Tom Clancy's Ghost Recon 2: Summit Strike' -> 3e/3r in 6.4s
[2026-08-28T05:02:37] [53/1990] 'John Updike' -> 12e/7r in 12.9s
[2026-08-28T05:02:48] [54/1990] 'Tom Clancy' -> 9e/7r in 11.8s
[2026-08-28T05:02:54] [55/1990] 'Tom Clancy's Net Force Explorers: Safe House' -> 4e/1r in 5.5s
[2026-08-28T05:03:01] [56/1990] 'Tom Clancy's Net Force Explorers: High Wire' -> 4e/3r in 6.9s
[2026-08-28T05:03:06] [57/1990] 'Tom Clancy's Net Force Explorers: Gameprey' -> 4e/1r in 5.4s
[2026-08-28T05:03:20] [58/1990] 'Tom Clancy's Rainbow 6: Patriots' -> 10e/8r in 13.0s
[2026-08-28T05:03:26] [59/1990] 'Tom Clancy's Net Force Explorers: Duel Identity' -> 4e/3r in 6.8s
[2026-08-28T05:03:32] [60/1990] 'Tom Clancy's Net Force Explorers: Death Match' -> 4e/1r in 5.5s
[2026-08-28T05:03:43] [61/1990] 'Benjamin Lincoln' -> 8e/5r in 11.3s
[2026-08-28T05:04:00] [62/1990] '1st Virginia State Regiment' -> 12e/9r in 16.6s
[2026-08-28T05:04:16] [63/1990] 'Siege of Yorktown' -> 15e/7r in 15.7s
[2026-08-28T05:04:29] [64/1990] 'Benedict Arnold' -> 9e/7r in 13.1s
[2026-08-28T05:04:45] [65/1990] 'Battle of Germantown' -> 11e/9r in 15.5s
[2026-08-28T05:05:05] [66/1990] 'Board of War' -> 14e/12r in 20.2s
[2026-08-28T05:05:14] [67/1990] 'John André' -> 6e/5r in 8.7s
[2026-08-28T05:05:24] [68/1990] 'National Memorial Arch' -> 7e/5r in 10.3s
[2026-08-28T05:05:47] [69/1990] 'List of Continental Army units' -> 15e/15r in 22.8s
[2026-08-28T05:06:02] [70/1990] 'Pulaski's Legion' -> 10e/9r in 14.9s
[2026-08-28T05:06:12] [71/1990] 'Béatrice Picard' -> 7e/6r in 9.8s
[2026-08-28T05:06:22] [72/1990] 'Emmanuel Curtil' -> 8e/6r in 10.0s
[2026-08-28T05:06:28] [73/1990] 'Ethel Houbiers' -> 4e/3r in 6.1s
[2026-08-28T05:06:41] [74/1990] 'Salma Hayek' -> 12e/7r in 13.4s
[2026-08-28T05:06:50] [75/1990] 'Dorothée Jemma' -> 6e/5r in 8.2s
[2026-08-28T05:07:08] [76/1990] 'Roger Carel' -> 15e/14r in 18.3s
[2026-08-28T05:07:08] [GPU GUARD] paused at 79C (threshold 79C)
[2026-08-28T05:08:29] [GPU GUARD] resumed at 55C
[2026-08-28T05:08:37] [77/1990] 'Lisette Dufour' -> 5e/4r in 7.7s
[2026-08-28T05:08:48] [78/1990] 'Bernard Alane' -> 10e/6r in 11.3s
[2026-08-28T05:08:56] [79/1990] 'Virginie Ledieu' -> 5e/4r in 7.3s
[2026-08-28T05:09:08] [80/1990] 'Mary Forbes' -> 10e/9r in 12.3s
[2026-08-28T05:09:21] [81/1990] 'Dubai International Airport' -> 9e/8r in 12.5s
[2026-08-28T05:09:33] [82/1990] 'Gatwick Airport' -> 10e/7r in 12.0s
[2026-08-28T05:09:50] [83/1990] 'Coimbatore International Airport' -> 12e/12r in 17.1s
[2026-08-28T05:10:28] [84/1990] 'Vancouver International Airport' -> 30e/28r in 37.5s
[2026-08-28T05:10:46] [85/1990] 'Grantley Adams International Airport' -> 13e/13r in 18.4s
[2026-08-28T05:10:57] [86/1990] 'Croydon Airport' -> 9e/7r in 11.0s
[2026-08-28T05:11:14] [87/1990] 'Chennai International Airport' -> 15e/11r in 16.8s
[2026-08-28T05:11:27] [88/1990] 'Dublin Airport' -> 9e/7r in 13.2s
[2026-08-28T05:11:32] [89/1990] 'Athens International Airport' -> 4e/0r in 4.9s
[2026-08-28T05:11:43] [90/1990] 'Heathrow Airport' -> 8e/6r in 10.4s
[2026-08-28T05:11:54] [91/1990] 'Scharfenstein Castle (Kiedrich)' -> 8e/6r in 11.2s
[2026-08-28T05:12:03] [92/1990] 'Abergairn Castle' -> 6e/5r in 9.1s
[2026-08-28T05:12:10] [93/1990] 'Château de Longwy' -> 4e/3r in 6.3s
[2026-08-28T05:12:22] [94/1990] 'Clun Castle' -> 9e/7r in 12.6s
[2026-08-28T05:12:36] [95/1990] 'Inch Castle' -> 8e/8r in 13.1s
[2026-08-28T05:12:52] [96/1990] 'Castillo de Tabernas' -> 12e/10r in 16.1s
[2026-08-28T05:12:52] [GPU GUARD] paused at 79C (threshold 79C)
[2026-08-28T05:14:08] [GPU GUARD] resumed at 55C
[2026-08-28T05:14:17] [97/1990] 'Wegelnburg' -> 6e/5r in 8.8s
[2026-08-28T05:14:30] [98/1990] 'Cairnburgh Castle' -> 10e/8r in 13.5s
[2026-08-28T05:14:39] [99/1990] 'Isabella Kelly' -> 8e/4r in 8.9s
[2026-08-28T05:14:53] [100/1990] 'Schauenberg' -> 16e/5r in 14.0s
[2026-08-28T05:15:06] [101/1990] 'Naval Consolidated Brig, Miramar' -> 10e/7r in 12.9s
[2026-08-28T05:15:24] [102/1990] 'Music Instructor' -> 17e/14r in 18.0s
[2026-08-28T05:15:31] [103/1990] 'Naval Submarine Base New London' -> 4e/3r in 6.6s
[2026-08-28T05:15:45] [104/1990] 'Lara Croft: Tomb Raider' -> 11e/10r in 14.0s
[2026-08-28T05:15:57] [105/1990] 'RAF Croft' -> 9e/8r in 11.5s
[2026-08-28T05:16:15] [106/1990] 'John Ellis Roosevelt Estate' -> 14e/13r in 18.7s
[2026-08-28T05:16:37] [107/1990] 'Bibhu Prasad Tripathy' -> 18e/13r in 21.6s
[2026-08-28T05:16:49] [108/1990] 'Robert Croft (diver)' -> 8e/6r in 11.9s
[2026-08-28T05:17:05] [109/1990] 'Tomb Raider' -> 12e/12r in 16.2s
[2026-08-28T05:17:32] [110/1990] 'Jack Baer' -> 17e/19r in 26.4s
[2026-08-28T05:17:32] [GPU GUARD] paused at 79C (threshold 79C)
[2026-08-28T05:18:48] [GPU GUARD] resumed at 55C
[2026-08-28T05:18:55] [111/1990] 'The Fly (song)' -> 5e/4r in 7.6s
[2026-08-28T05:19:13] [112/1990] 'Win (film)' -> 20e/9r in 17.5s
[2026-08-28T05:19:25] [113/1990] 'Govinda Jaya Jaya' -> 9e/7r in 11.7s
[2026-08-28T05:19:40] [114/1990] 'U218 Singles' -> 11e/9r in 14.8s
[2026-08-28T05:19:53] [115/1990] 'Jai Ho! (You Are My Destiny)' -> 9e/9r in 13.2s
[2026-08-28T05:20:03] [116/1990] 'Heartbeat (The Fray song)' -> 7e/6r in 10.4s
[2026-08-28T05:20:19] [117/1990] 'With or Without You' -> 12e/10r in 15.2s
[2026-08-28T05:20:29] [118/1990] 'Believe (Jai McDowall album)' -> 9e/6r in 10.1s
[2026-08-28T05:20:40] [119/1990] 'Brothers of the Road' -> 8e/8r in 11.2s
[2026-08-28T05:20:50] [120/1990] 'Bill Grainer' -> 7e/6r in 9.6s
[2026-08-28T05:21:04] [121/1990] 'Rebecca Gayheart' -> 11e/10r in 14.3s
[2026-08-28T05:21:11] [122/1990] 'Scream 2 (Markus Schulz album)' -> 5e/3r in 6.7s
[2026-08-28T05:21:31] [123/1990] 'Timothy Olyphant' -> 15e/14r in 19.7s
[2026-08-28T05:21:50] [124/1990] 'Laurie Metcalf' -> 13e/11r in 18.8s
[2026-08-28T05:21:59] [125/1990] 'Bobby Gaylor' -> 9e/5r in 9.5s
[2026-08-28T05:22:20] [126/1990] 'Sidney Prescott' -> 12e/15r in 20.7s
[2026-08-28T05:22:37] [127/1990] 'Scream 2' -> 13e/12r in 16.4s
[2026-08-28T05:23:03] [128/1990] 'Scream (franchise)' -> 21e/20r in 25.9s
[2026-08-28T05:23:18] [129/1990] 'Gale Weathers' -> 11e/9r in 15.0s
[2026-08-28T05:23:32] [130/1990] 'List of Scream characters' -> 11e/9r in 14.0s
[2026-08-28T05:23:46] [131/1990] 'Fly540' -> 8e/10r in 14.3s
[2026-08-28T05:23:59] [132/1990] 'National Convention Party (Gambia)' -> 9e/7r in 12.9s
[2026-08-28T05:24:12] [133/1990] 'Fastjet Tanzania' -> 9e/8r in 13.1s
[2026-08-28T05:24:21] [134/1990] 'Christian Brothers College, St Kilda' -> 6e/5r in 8.9s
[2026-08-28T05:24:32] [135/1990] 'Goldie &amp; McCulloch' -> 8e/7r in 11.0s
[2026-08-28T05:24:47] [136/1990] 'Genius (website)' -> 12e/10r in 14.6s
[2026-08-28T05:24:59] [137/1990] 'Artillerie-Inrichtingen' -> 8e/7r in 12.1s
[2026-08-28T05:25:12] [138/1990] 'Teletrol' -> 10e/9r in 12.7s
[2026-08-28T05:25:36] [139/1990] 'Totally Games' -> 22e/18r in 23.6s
[2026-08-28T05:25:36] [GPU GUARD] paused at 79C (threshold 79C)
[2026-08-28T05:26:42] [GPU GUARD] resumed at 55C
[2026-08-28T05:26:52] [140/1990] 'SemGroup' -> 8e/7r in 10.3s
[2026-08-28T05:27:12] [141/1990] 'Inéz' -> 15e/14r in 19.6s
[2026-08-28T05:27:21] [142/1990] 'Sixtoo' -> 7e/7r in 8.9s
[2026-08-28T05:27:36] [143/1990] 'List of sound artists' -> 15e/13r in 15.4s
[2026-08-28T05:27:53] [144/1990] 'Beautiful Eulogy' -> 14e/16r in 16.5s
[2026-08-28T05:28:03] [145/1990] 'Experimental hip hop' -> 9e/7r in 9.7s
[2026-08-28T05:28:17] [146/1990] 'Hip hop' -> 13e/12r in 14.1s
[2026-08-28T05:28:25] [147/1990] 'Cyclic Defrost' -> 6e/6r in 8.3s
[2026-08-28T05:28:32] [148/1990] 'Petri Kuljuntausta' -> 4e/3r in 6.4s
[2026-08-28T05:28:44] [149/1990] 'And/oar' -> 10e/9r in 12.3s
[2026-08-28T05:28:55] [150/1990] 'Lloyd Dunn' -> 9e/8r in 10.7s
[2026-08-28T05:29:08] [151/1990] 'George H. Williams Townhouses' -> 12e/10r in 12.8s
[2026-08-28T05:29:14] [152/1990] 'Buchanan Township, Atchison County, Missouri' -> 5e/3r in 6.4s
[2026-08-28T05:29:21] [153/1990] 'Dade County, Georgia' -> 5e/3r in 6.5s
[2026-08-28T05:29:39] [154/1990] 'Franklin Street Presbyterian Church and Parsonage' -> 20e/11r in 18.7s
[2026-08-28T05:29:47] [155/1990] 'Nelson, New Hampshire' -> 6e/5r in 7.3s
[2026-08-28T05:29:58] [156/1990] 'Bennetts Bayou' -> 14e/6r in 11.4s
[2026-08-28T05:30:15] [157/1990] 'Lobster Lake (Maine)' -> 15e/12r in 16.9s
[2026-08-28T05:30:28] [158/1990] 'Sullivan's Corner Historic District' -> 12e/7r in 12.5s
[2026-08-28T05:30:42] [159/1990] 'Fairhope, Fayette County, Pennsylvania' -> 13e/10r in 14.0s
[2026-08-28T05:30:48] [160/1990] 'Munsonville, New Hampshire' -> 4e/3r in 5.8s
[2026-08-28T05:31:03] [161/1990] 'Wild Mountain Thyme' -> 15e/10r in 15.3s
[2026-08-28T05:31:13] [162/1990] 'A Pair of Brown Eyes' -> 10e/5r in 9.6s
[2026-08-28T05:31:44] [163/1990] 'Bakhmull' -> 30e/28r in 31.0s
[2026-08-28T05:31:59] [164/1990] 'A Spanner in the Works' -> 15e/12r in 14.8s
[2026-08-28T05:32:14] [165/1990] 'Crystal Gayle singles discography' -> 15e/12r in 15.1s
[2026-08-28T05:32:21] [166/1990] 'Brown Eyes (band)' -> 5e/4r in 6.7s
[2026-08-28T05:32:32] [167/1990] 'Brown Eyes (song)' -> 9e/9r in 10.6s
[2026-08-28T05:32:38] [168/1990] 'Rugged Maniac Twin Cities' -> 4e/3r in 6.3s
[2026-08-28T05:32:48] [169/1990] 'Caramel (City High song)' -> 10e/6r in 9.8s
[2026-08-28T05:32:54] [170/1990] 'Beautiful Brown Eyes' -> 5e/3r in 6.3s
[2026-08-28T05:33:01] [171/1990] 'Kurt Vonnegut' -> 4e/4r in 6.8s
[2026-08-28T05:33:18] [172/1990] 'José María Gironella' -> 16e/13r in 16.7s
[2026-08-28T05:33:28] [173/1990] 'Little Big Man (novel)' -> 9e/8r in 10.0s
[2026-08-28T05:33:35] [174/1990] 'Hugh Gallagher (humorist)' -> 5e/4r in 6.4s
[2026-08-28T05:33:47] [175/1990] 'The Magic Christian (novel)' -> 11e/10r in 12.4s
[2026-08-28T05:34:01] [176/1990] 'Joanna Russ' -> 12e/11r in 13.5s
[2026-08-28T05:34:10] [177/1990] 'Satyricon' -> 7e/5r in 9.2s
[2026-08-28T05:34:18] [178/1990] 'Jaroslav Hašek' -> 6e/4r in 8.2s
[2026-08-28T05:34:26] [179/1990] 'Claudia Durst Johnson' -> 5e/5r in 7.4s
[2026-08-28T05:34:32] [180/1990] 'Armageddon in Retrospect' -> 4e/3r in 6.5s
[2026-08-28T05:34:41] [181/1990] 'Apratim Majumdar' -> 8e/5r in 8.7s
[2026-08-28T05:34:48] [182/1990] 'Sarod' -> 5e/3r in 6.7s
[2026-08-28T05:34:56] [183/1990] 'Chander Bari' -> 7e/5r in 7.7s
[2026-08-28T05:35:05] [184/1990] 'Sousaphone' -> 7e/6r in 9.2s
[2026-08-28T05:35:16] [185/1990] 'Bukkehorn' -> 11e/7r in 11.3s
[2026-08-28T05:35:24] [186/1990] 'Experimental musical instrument' -> 5e/4r in 7.3s
[2026-08-28T05:35:33] [187/1990] 'Udaka vadya' -> 6e/5r in 9.2s
[2026-08-28T05:35:49] [188/1990] 'Keyboard glockenspiel' -> 18e/8r in 15.5s
[2026-08-28T05:35:55] [189/1990] 'Asset classes' -> 5e/4r in 6.7s
[2026-08-28T05:36:06] [190/1990] 'Accompaniment' -> 8e/7r in 10.4s
[2026-08-28T05:36:21] [191/1990] 'The Wild Pony' -> 13e/14r in 15.2s
[2026-08-28T05:36:30] [192/1990] 'Up, Down and Touch the Ground' -> 7e/5r in 8.9s
[2026-08-28T05:36:39] [193/1990] 'Little Black Rain Cloud' -> 7e/5r in 9.2s
[2026-08-28T05:36:49] [194/1990] 'Winnie the Pooh (song)' -> 7e/6r in 9.5s
[2026-08-28T05:37:03] [195/1990] 'Pony Penning' -> 13e/10r in 14.3s
[2026-08-28T05:37:12] [196/1990] 'The Many Adventures of Winnie the Pooh' -> 6e/5r in 8.1s
[2026-08-28T05:37:25] [197/1990] 'Winnie the Pooh and the Blustery Day' -> 12e/9r in 13.5s
[2026-08-28T05:37:39] [198/1990] 'A Valentine for You' -> 11e/9r in 13.4s
[2026-08-28T05:37:47] [199/1990] 'Ride a Wild Pony' -> 8e/5r in 8.1s
[2026-08-28T05:38:02] [200/1990] 'The Wonderful Thing About Tiggers' -> 12e/11r in 14.7s
[2026-08-28T05:38:16] [201/1990] 'Jurassic Park Builder' -> 13e/12r in 13.9s
[2026-08-28T05:38:24] [202/1990] 'Pandikona' -> 6e/5r in 8.1s
[2026-08-28T05:38:30] [203/1990] 'Progression of Animals' -> 5e/2r in 5.6s
[2026-08-28T05:38:40] [204/1990] 'On the Soul' -> 10e/7r in 10.2s
[2026-08-28T05:38:49] [205/1990] 'Berger Blanc Suisse' -> 7e/6r in 8.8s
[2026-08-28T05:38:57] [206/1990] 'Piranha: Wolf In The Water' -> 6e/5r in 8.0s
[2026-08-28T05:39:07] [207/1990] 'Prosthetic Neuronal Memory Silicon Chips' -> 7e/6r in 9.5s
[2026-08-28T05:39:14] [208/1990] 'Tentacle' -> 5e/4r in 6.9s
[2026-08-28T05:39:28] [209/1990] 'Shopnopuri artificial amusement park' -> 18e/10r in 14.6s
[2026-08-28T05:39:43] [210/1990] 'Ticks of domestic animals' -> 14e/13r in 15.0s
[2026-08-28T05:39:49] [211/1990] 'Charles Roberts Awards Hall of Fame' -> 4e/2r in 5.8s
[2026-08-28T05:40:04] [212/1990] 'Classical realism (international relations)' -> 13e/10r in 14.1s
[2026-08-28T05:40:10] [213/1990] 'Panzer Division Clausewitz' -> 4e/3r in 6.5s
[2026-08-28T05:40:17] [214/1990] 'Absolute war' -> 5e/4r in 6.5s
[2026-08-28T05:40:26] [215/1990] 'War from the Ground Up' -> 7e/5r in 9.2s
[2026-08-28T05:40:39] [216/1990] 'Battle of Wavre' -> 10e/7r in 12.6s
[2026-08-28T05:40:57] [217/1990] 'Christopher Bassford' -> 15e/14r in 18.2s
[2026-08-28T05:41:16] [218/1990] 'August Otto Rühle von Lilienstern' -> 13e/15r in 18.3s
[2026-08-28T05:41:25] [219/1990] 'Carl von Clausewitz' -> 8e/6r in 9.5s
[2026-08-28T05:41:42] [220/1990] 'On War' -> 13e/12r in 17.0s
[2026-08-28T05:41:49] [221/1990] 'Supermarine Seafire' -> 5e/3r in 6.4s
[2026-08-28T05:41:57] [222/1990] 'Flying Legend Hawker Hurricane Replica' -> 7e/5r in 8.4s
[2026-08-28T05:42:03] [223/1990] 'Hawker Typhoon' -> 3e/2r in 5.2s
[2026-08-28T05:42:13] [224/1990] 'Hawker Hurricane in Yugoslav service' -> 10e/6r in 10.6s
[2026-08-28T05:42:29] [225/1990] 'No. 1300 Flight RAF' -> 12e/11r in 15.9s
[2026-08-28T05:42:43] [226/1990] 'No. 1455 Flight RAF' -> 10e/8r in 13.0s
[2026-08-28T05:42:50] [227/1990] 'Hawker Tornado' -> 5e/4r in 7.0s
[2026-08-28T05:42:58] [228/1990] 'Sindlinger Hawker Hurricane' -> 5e/4r in 7.7s
[2026-08-28T05:43:06] [229/1990] 'Hawker Hurricane' -> 6e/5r in 8.2s
[2026-08-28T05:43:21] [230/1990] 'Battle of Britain Memorial Flight' -> 13e/10r in 15.3s
[2026-08-28T05:43:37] [231/1990] 'The Real Thing (Norwegian band)' -> 14e/13r in 15.7s
[2026-08-28T05:43:45] [232/1990] 'Turkish people' -> 8e/5r in 8.2s
[2026-08-28T05:43:53] [233/1990] 'Fezara people' -> 7e/5r in 7.4s
[2026-08-28T05:44:05] [234/1990] 'Unrecognized ethnic groups in China' -> 11e/8r in 12.4s
[2026-08-28T05:44:19] [235/1990] 'Azerbaijanis' -> 12e/11r in 13.3s
[2026-08-28T05:44:34] [236/1990] 'Norwegians' -> 15e/13r in 15.4s
[2026-08-28T05:44:43] [237/1990] 'Oku people (Sierra Leone)' -> 8e/6r in 9.2s
[2026-08-28T05:45:36] [238/1990] 'Konkomba people' -> 48e/47r in 52.0s
[2026-08-28T05:45:51] [239/1990] 'Ewe people' -> 18e/11r in 15.6s
[2026-08-28T05:45:56] [240/1990] 'Torstein Ellingsen' -> 3e/2r in 5.1s
[2026-08-28T05:46:08] [241/1990] 'Duchy of Thuringia' -> 8e/6r in 11.4s
[2026-08-28T05:46:19] [242/1990] 'Khosrow IV' -> 9e/6r in 10.6s
[2026-08-28T05:46:26] [243/1990] 'Farrukhzad Khosrow V' -> 5e/4r in 7.3s
[2026-08-28T05:46:37] [244/1990] 'Samo' -> 9e/8r in 10.8s
[2026-08-28T05:46:45] [245/1990] 'Chach of Alor' -> 7e/5r in 8.3s
[2026-08-28T05:46:53] [246/1990] 'Ashur-etil-ilani' -> 5e/4r in 7.4s
[2026-08-28T05:47:04] [247/1990] 'Suintila' -> 11e/6r in 10.8s
[2026-08-28T05:47:14] [248/1990] 'Samo's Empire' -> 9e/8r in 10.0s
[2026-08-28T05:47:24] [249/1990] 'Sasanian Empire' -> 8e/7r in 10.4s
[2026-08-28T05:47:35] [250/1990] 'Hormizd VI' -> 8e/7r in 10.4s
[2026-08-28T05:47:48] [251/1990] 'Beer in South Korea' -> 14e/7r in 13.3s
[2026-08-28T05:48:00] [252/1990] 'Namibia Breweries Limited' -> 9e/8r in 11.9s
[2026-08-28T05:48:10] [253/1990] 'List of breweries in California' -> 9e/6r in 9.6s
[2026-08-28T05:48:22] [254/1990] 'Brouwerij 't IJ' -> 9e/8r in 11.2s
[2026-08-28T05:48:27] [255/1990] 'Microbrewery' -> 3e/2r in 5.1s
[2026-08-28T05:48:33] [256/1990] 'List of breweries and wineries in South Dakota' -> 5e/3r in 6.2s
[2026-08-28T05:48:39] [257/1990] 'Beer by region' -> 5e/4r in 6.1s
[2026-08-28T05:48:54] [258/1990] 'List of microbreweries' -> 11e/10r in 14.6s
[2026-08-28T05:49:03] [259/1990] 'Stone Brewing Co.' -> 7e/5r in 8.4s
[2026-08-28T05:49:15] [260/1990] 'Beer Wars' -> 12e/10r in 12.2s
[2026-08-28T05:49:31] [261/1990] '2013–14 Iona Gaels men's basketball team' -> 12e/11r in 15.7s
[2026-08-28T05:49:48] [262/1990] '2012–13 Iona Gaels men's basketball team' -> 14e/13r in 17.6s
[2026-08-28T05:50:07] [263/1990] '2015–16 Iona Gaels men's basketball team' -> 15e/13r in 18.0s
[2026-08-28T05:50:19] [264/1990] '2015–16 Iowa State Cyclones men's basketball team' -> 9e/8r in 12.2s
[2026-08-28T05:50:30] [265/1990] 'David Hobbs (basketball)' -> 9e/8r in 10.8s
[2026-08-28T05:50:47] [266/1990] '2014–15 Iona Gaels men's basketball team' -> 14e/13r in 17.5s
[2026-08-28T05:51:04] [267/1990] '2011–12 Iona Gaels men's basketball team' -> 10e/10r in 16.4s
[2026-08-28T05:51:19] [268/1990] '2012–13 Murray State Racers men's basketball team' -> 11e/10r in 14.6s
[2026-08-28T05:51:37] [269/1990] '2010–11 Iona Gaels men's basketball team' -> 14e/13r in 18.3s
[2026-08-28T05:51:56] [270/1990] '2016–17 Iona Gaels men's basketball team' -> 16e/14r in 18.9s
[2026-08-28T05:52:06] [271/1990] 'Grand Duke Vladimir Alexandrovich of Russia' -> 10e/5r in 10.1s
[2026-08-28T05:52:15] [272/1990] 'Grand Duke Sergei Alexandrovich of Russia' -> 7e/4r in 8.4s
[2026-08-28T05:52:25] [273/1990] 'Charles Sydney Gibbes' -> 6e/7r in 10.4s
[2026-08-28T05:52:37] [274/1990] 'October Manifesto' -> 9e/7r in 11.2s
[2026-08-28T05:52:53] [275/1990] 'Russia–United Kingdom relations' -> 11e/11r in 16.7s
[2026-08-28T05:53:03] [276/1990] 'Ural State Mining University' -> 7e/5r in 9.3s
[2026-08-28T05:53:18] [277/1990] 'Nicholas II of Russia' -> 12e/11r in 14.6s
[2026-08-28T05:53:26] [278/1990] 'Prince Andrew Romanov' -> 7e/4r in 8.7s
[2026-08-28T05:53:37] [279/1990] 'Russian Revolution' -> 9e/7r in 10.9s
[2026-08-28T05:53:50] [280/1990] 'Grand Duke Alexander Alexandrovich of Russia' -> 9e/8r in 12.2s
[2026-08-28T05:54:00] [281/1990] 'Castle Air Force Base' -> 8e/7r in 9.7s
[2026-08-28T05:54:11] [282/1990] 'Pacific Flying Club' -> 8e/7r in 10.8s
[2026-08-28T05:54:22] [283/1990] 'North American Institute of Aviation' -> 9e/8r in 11.7s
[2026-08-28T05:54:35] [284/1990] 'Aerocondor' -> 11e/9r in 12.2s
[2026-08-28T05:54:48] [285/1990] 'American Airlines Flight 157' -> 12e/10r in 12.8s
[2026-08-28T05:54:57] [286/1990] 'American Flyers (flight school)' -> 8e/6r in 9.5s
[2026-08-28T05:55:04] [287/1990] 'Sierra Academy of Aeronautics' -> 4e/3r in 6.3s
[2026-08-28T05:55:18] [288/1990] 'Jeremiah Atwater' -> 13e/11r in 14.1s
[2026-08-28T05:55:30] [289/1990] 'ATP Flight School' -> 10e/9r in 12.2s
[2026-08-28T05:55:36] [290/1990] 'Huffman Aviation' -> 4e/3r in 6.0s
[2026-08-28T05:55:46] [291/1990] 'Forward Operating Base Shank' -> 12e/4r in 9.8s
[2026-08-28T05:56:09] [292/1990] 'Kathiawar Agency' -> 19e/17r in 22.4s
[2026-08-28T05:56:23] [293/1990] 'Mahsud' -> 19e/8r in 14.2s
[2026-08-28T05:56:33] [294/1990] 'Baraki Barak airstrike' -> 8e/7r in 9.9s
[2026-08-28T05:56:44] [295/1990] 'Baraki Rajan' -> 7e/8r in 11.0s
[2026-08-28T05:56:51] [296/1990] 'Logar Province' -> 5e/4r in 6.4s
[2026-08-28T05:57:02] [297/1990] 'Baraki Barak District' -> 11e/7r in 11.4s
[2026-08-28T05:57:13] [298/1990] 'Camptown (country subdivision)' -> 11e/6r in 10.5s
[2026-08-28T05:57:24] [299/1990] 'Baraki Barak' -> 8e/6r in 10.9s
[2026-08-28T05:57:45] [300/1990] 'Lunda Norte Province' -> 24e/16r in 20.6s
[2026-08-28T05:57:57] [301/1990] 'Mount Crescent' -> 12e/9r in 12.6s
[2026-08-28T05:58:06] [302/1990] 'Crescent Range' -> 7e/5r in 8.3s
[2026-08-28T05:58:14] [303/1990] 'Crescent Mills, California' -> 7e/5r in 8.4s
[2026-08-28T05:58:26] [304/1990] 'Somanya' -> 10e/8r in 11.7s
[2026-08-28T05:58:40] [305/1990] 'Santa Cruz (Santiago)' -> 10e/9r in 13.9s
[2026-08-28T05:58:49] [306/1990] 'Black Crescent Mountain' -> 7e/5r in 8.4s
[2026-08-28T05:58:58] [307/1990] 'Orange Walk Town' -> 7e/6r in 9.4s
[2026-08-28T05:59:11] [308/1990] 'Randolph, New Hampshire' -> 11e/9r in 12.3s
[2026-08-28T05:59:21] [309/1990] 'Mount Vernon, Indiana' -> 9e/8r in 10.5s
[2026-08-28T05:59:41] [310/1990] 'Tarrafal de São Nicolau, Cape Verde' -> 15e/14r in 20.0s
[2026-08-28T05:59:54] [311/1990] 'Apollo (spacecraft)' -> 9e/9r in 12.5s
[2026-08-28T06:00:07] [312/1990] 'Moon Machines' -> 13e/12r in 13.1s
[2026-08-28T06:00:22] [313/1990] 'Apollo 8' -> 13e/12r in 15.0s
[2026-08-28T06:00:33] [314/1990] 'Apollo 12' -> 11e/6r in 10.5s
[2026-08-28T06:00:38] [315/1990] 'Apollo 16' -> 7e/0r in 5.2s
[2026-08-28T06:00:51] [316/1990] 'Moon tree' -> 10e/9r in 12.7s
[2026-08-28T06:01:04] [317/1990] 'Stuart Roosa' -> 11e/9r in 13.2s
[2026-08-28T06:01:15] [318/1990] 'AS-201' -> 10e/7r in 10.4s
[2026-08-28T06:01:31] [319/1990] 'Lunex Project' -> 12e/14r in 15.7s
[2026-08-28T06:01:40] [320/1990] 'Apollo 9' -> 8e/6r in 9.6s
[2026-08-28T06:01:50] [321/1990] 'Wolverine/Nick Fury: The Scorpio Connection' -> 8e/6r in 9.3s
[2026-08-28T06:01:59] [322/1990] 'Nick Fury, Agent of S.H.I.E.L.D. (feature)' -> 6e/5r in 8.8s
[2026-08-28T06:02:10] [323/1990] 'Nick Fury, Agent of S.H.I.E.L.D.: Empyre' -> 9e/8r in 11.1s
[2026-08-28T06:02:21] [324/1990] 'Nick Fury vs. S.H.I.E.L.D.' -> 9e/7r in 10.7s
[2026-08-28T06:02:35] [325/1990] 'Nick Fury: Agent of S.H.I.E.L.D. (film)' -> 13e/9r in 14.0s
[2026-08-28T06:02:43] [326/1990] 'Fenris (comics)' -> 6e/4r in 7.9s
[2026-08-28T06:02:52] [327/1990] 'Bunduki' -> 7e/6r in 8.8s
[2026-08-28T06:02:58] [328/1990] 'List of Nick Fury comics' -> 4e/3r in 5.8s
[2026-08-28T06:03:05] [329/1990] 'Nick Fury (2017 comic book)' -> 6e/5r in 7.5s
[2026-08-28T06:03:17] [330/1990] 'Ultimate Nick Fury' -> 11e/8r in 11.7s
[2026-08-28T06:03:29] [331/1990] 'Sitting Pretty (1933 film)' -> 11e/10r in 11.7s
[2026-08-28T06:03:44] [332/1990] 'Hello, Everybody!' -> 15e/13r in 14.5s
[2026-08-28T06:03:58] [333/1990] 'College Humor (film)' -> 15e/14r in 14.5s
[2026-08-28T06:04:11] [334/1990] 'Girl Without a Room' -> 12e/11r in 12.4s
[2026-08-28T06:04:20] [335/1990] 'Going Hollywood' -> 8e/7r in 8.9s
[2026-08-28T06:04:29] [336/1990] 'International House (1933 film)' -> 8e/7r in 9.2s
[2026-08-28T06:04:36] [337/1990] 'Melody Cruise (film)' -> 6e/5r in 7.2s
[2026-08-28T06:04:46] [338/1990] 'My Lips Betray' -> 8e/7r in 9.4s
[2026-08-28T06:04:54] [339/1990] 'Hallelujah, I'm a Bum (film)' -> 6e/5r in 7.8s
[2026-08-28T06:05:00] [340/1990] 'Bing Crosby' -> 5e/2r in 5.9s
[2026-08-28T06:05:11] [341/1990] 'Binford &amp; Mort' -> 9e/8r in 10.8s
[2026-08-28T06:05:23] [342/1990] 'David Koch' -> 11e/9r in 12.1s
[2026-08-28T06:05:30] [343/1990] 'Koch family' -> 4e/4r in 6.6s
[2026-08-28T06:05:41] [344/1990] 'Banfield Pet Hospital' -> 9e/9r in 11.6s
[2026-08-28T06:05:50] [345/1990] 'ProSieben' -> 6e/5r in 8.4s
[2026-08-28T06:06:04] [346/1990] 'Koch family foundations' -> 12e/11r in 13.8s
[2026-08-28T06:06:16] [347/1990] 'Dark Money (book)' -> 11e/10r in 12.3s
[2026-08-28T06:06:25] [348/1990] 'New Zealand Mint' -> 8e/5r in 8.0s
[2026-08-28T06:06:34] [349/1990] 'Fred C. Koch' -> 8e/6r in 9.5s
[2026-08-28T06:06:43] [350/1990] 'Minnetonka, Minnesota' -> 9e/4r in 9.0s
[2026-08-28T06:06:54] [351/1990] 'New York State Route 9N' -> 10e/7r in 10.8s
[2026-08-28T06:07:08] [352/1990] 'New York State Route 9B' -> 11e/10r in 13.8s
[2026-08-28T06:07:19] [353/1990] 'Boght Corners, New York' -> 8e/7r in 10.4s
[2026-08-28T06:07:33] [354/1990] 'Borodino, New York' -> 12e/10r in 14.5s
[2026-08-28T06:07:45] [355/1990] 'New York State Route 9R' -> 11e/6r in 11.0s
[2026-08-28T06:07:56] [356/1990] 'Prospect Mountain Veterans Memorial Highway' -> 9e/8r in 11.6s
[2026-08-28T06:08:13] [357/1990] 'New York State Route 418' -> 17e/11r in 16.6s
[2026-08-28T06:08:24] [358/1990] 'New York State Route 9G' -> 8e/6r in 10.4s
[2026-08-28T06:08:36] [359/1990] 'Yonkers Avenue' -> 11e/7r in 11.9s
[2026-08-28T06:08:46] [360/1990] 'New York State Route 157A' -> 10e/5r in 10.5s
[2026-08-28T06:08:55] [361/1990] 'Schapelle Corby' -> 8e/6r in 9.0s
[2026-08-28T06:09:01] [362/1990] 'Sinan Tuzcu' -> 3e/2r in 5.3s
[2026-08-28T06:09:16] [363/1990] 'Solomon Northup' -> 13e/10r in 14.8s
[2026-08-28T06:09:23] [364/1990] 'Jamba (footballer)' -> 5e/4r in 7.6s
[2026-08-28T06:09:29] [365/1990] 'Levan Kobiashvili' -> 3e/2r in 5.5s
[2026-08-28T06:09:38] [366/1990] 'Travis Wilson (softball)' -> 7e/4r in 8.9s
[2026-08-28T06:09:47] [367/1990] '12 Years a Slave (score)' -> 9e/4r in 8.7s
[2026-08-28T06:09:55] [368/1990] 'José Marcos Garay' -> 5e/4r in 7.3s
[2026-08-28T06:10:03] [369/1990] 'Chiwetel Ejiofor' -> 7e/5r in 8.7s
[2026-08-28T06:10:12] [370/1990] 'Javier Lux' -> 7e/6r in 8.6s
[2026-08-28T06:10:24] [371/1990] 'Taj Mahal' -> 10e/8r in 11.7s
[2026-08-28T06:10:33] [372/1990] 'The Taj Mahal Palace Hotel' -> 9e/5r in 8.7s
[2026-08-28T06:10:38] [373/1990] 'R. Chandru' -> 3e/3r in 5.5s
[2026-08-28T06:10:50] [374/1990] 'Kester Smith' -> 11e/9r in 11.3s
[2026-08-28T06:11:01] [375/1990] 'Taj Mahal, Bulandshahar' -> 12e/5r in 11.1s
[2026-08-28T06:11:09] [376/1990] 'Agra Fort' -> 6e/6r in 8.3s
[2026-08-28T06:11:23] [377/1990] 'Taj Mahal Bangladesh' -> 9e/11r in 13.1s
[2026-08-28T06:11:31] [378/1990] 'Black Taj Mahal' -> 8e/3r in 7.6s
[2026-08-28T06:11:37] [379/1990] 'Taj Mahal (1963 film)' -> 5e/4r in 6.6s
[2026-08-28T06:11:47] [380/1990] 'Taj corridor case' -> 7e/6r in 9.4s
[2026-08-28T06:12:04] [381/1990] 'Ron Bottcher' -> 24e/10r in 17.1s
[2026-08-28T06:12:11] [382/1990] 'La Bohème (1988 film)' -> 5e/3r in 6.5s
[2026-08-28T06:12:20] [383/1990] 'Gianni Schicchi' -> 6e/6r in 9.5s
[2026-08-28T06:12:34] [384/1990] 'Franco Corelli' -> 13e/11r in 13.9s
[2026-08-28T06:12:45] [385/1990] 'O mio babbino caro' -> 9e/6r in 10.2s
[2026-08-28T06:12:54] [386/1990] 'La fanciulla del West' -> 8e/6r in 9.1s
[2026-08-28T06:13:05] [387/1990] 'Tosca (1956 film)' -> 9e/7r in 10.9s
[2026-08-28T06:13:10] [388/1990] 'Festival Puccini' -> 3e/2r in 5.2s
[2026-08-28T06:13:24] [389/1990] 'Cesira Ferrani' -> 12e/12r in 13.4s
[2026-08-28T06:13:33] [390/1990] 'Jacopo Puccini' -> 9e/5r in 9.4s
[2026-08-28T06:13:48] [391/1990] 'Giam Siak Kecil-Bukit Batu' -> 12e/9r in 14.2s
[2026-08-28T06:13:59] [392/1990] 'Krau Wildlife Reserve' -> 11e/8r in 11.2s
[2026-08-28T06:14:04] [393/1990] 'Project African Wilderness' -> 3e/1r in 4.5s
[2026-08-28T06:14:11] [394/1990] 'Saint-Maurice Wildlife Reserve' -> 5e/4r in 7.5s
[2026-08-28T06:14:18] [395/1990] 'Katonga Wildlife Reserve' -> 5e/4r in 6.8s
[2026-08-28T06:14:29] [396/1990] 'Sir Bani Yas' -> 9e/7r in 10.5s
[2026-08-28T06:14:36] [397/1990] 'Mastigouche Wildlife Reserve' -> 5e/4r in 7.3s
[2026-08-28T06:14:45] [398/1990] 'Ferlo Sud Wildlife Reserve' -> 7e/6r in 8.9s
[2026-08-28T06:15:02] [399/1990] 'Mwabvi Wildlife Reserve' -> 14e/13r in 16.3s
[2026-08-28T06:15:14] [400/1990] 'African buffalo' -> 10e/8r in 11.6s
[2026-08-28T06:15:27] [401/1990] 'Raptors 905' -> 12e/7r in 13.1s
[2026-08-28T06:15:41] [402/1990] 'Portland Trail Blazers all-time roster' -> 12e/11r in 14.4s
[2026-08-28T06:16:00] [403/1990] 'Portland Trail Blazers' -> 14e/12r in 18.0s
[2026-08-28T06:16:08] [404/1990] 'Long Island Nets' -> 7e/5r in 8.2s
[2026-08-28T06:16:17] [405/1990] 'New Orleans Pelicans' -> 7e/6r in 8.9s
[2026-08-28T06:16:29] [406/1990] 'Erie BayHawks (2017–)' -> 10e/6r in 12.1s
[2026-08-28T06:16:37] [407/1990] 'Washington NBA G League team' -> 5e/4r in 7.7s
[2026-08-28T06:16:48] [408/1990] 'Windy City Bulls' -> 10e/8r in 11.1s
[2026-08-28T06:16:57] [409/1990] 'Jalen Jones' -> 7e/6r in 8.8s
[2026-08-28T06:17:14] [410/1990] 'Marquette Golden Eagles men's basketball' -> 16e/12r in 17.2s
[2026-08-28T06:17:25] [411/1990] 'Blues Traveler' -> 11e/9r in 10.7s
[2026-08-28T06:17:31] [412/1990] 'Blues Traveler (album)' -> 4e/3r in 5.9s
[2026-08-28T06:17:49] [413/1990] 'Blues Brothers 2000 (soundtrack)' -> 21e/10r in 17.5s
[2026-08-28T06:17:56] [414/1990] 'North Hollywood Shootout' -> 5e/4r in 7.0s
[2026-08-28T06:18:03] [415/1990] 'On Tour Forever' -> 5e/4r in 6.8s
[2026-08-28T06:18:17] [416/1990] 'Decipher (After Forever album)' -> 13e/12r in 13.6s
[2026-08-28T06:18:25] [417/1990] 'Travelers and Thieves' -> 7e/6r in 8.1s
[2026-08-28T06:18:31] [418/1990] 'Travelogue: Blues Traveler Classics' -> 4e/3r in 5.9s
[2026-08-28T06:18:45] [419/1990] 'Exordium (EP)' -> 13e/10r in 14.1s
[2026-08-28T06:18:52] [420/1990] 'Bridge (Blues Traveler album)' -> 5e/4r in 6.8s
[2026-08-28T06:19:00] [421/1990] 'Fra Lippo Lippi (poem)' -> 6e/4r in 7.3s
[2026-08-28T06:19:07] [422/1990] 'Castle Sinclair Girnigoe' -> 6e/3r in 7.2s
[2026-08-28T06:19:15] [423/1990] 'Kinnaird Castle, Brechin' -> 6e/5r in 7.9s
[2026-08-28T06:19:27] [424/1990] 'Hayashi Castle' -> 12e/8r in 11.9s
[2026-08-28T06:19:37] [425/1990] 'Dundas Castle' -> 7e/6r in 9.5s
[2026-08-28T06:19:48] [426/1990] 'Leskovec Castle' -> 10e/6r in 10.6s
[2026-08-28T06:19:55] [427/1990] 'Crayke Castle' -> 5e/4r in 7.2s
[2026-08-28T06:20:05] [428/1990] 'Lady Charlotte Elliot' -> 8e/7r in 9.7s
[2026-08-28T06:20:16] [429/1990] 'Kilmory Castle, Bute' -> 8e/7r in 10.9s
[2026-08-28T06:20:25] [430/1990] 'Megginch Castle' -> 6e/6r in 8.9s
[2026-08-28T06:20:30] [431/1990] 'Battle of Berlin' -> 3e/2r in 5.1s
[2026-08-28T06:20:51] [432/1990] 'Anatoly Petrakovsky' -> 15e/15r in 20.6s
[2026-08-28T06:21:07] [433/1990] 'Boris Vladimirov' -> 14e/12r in 15.4s
[2026-08-28T06:21:18] [434/1990] 'Alexander Nikolayev' -> 9e/7r in 10.9s
[2026-08-28T06:21:26] [435/1990] 'Mikhail Linnik' -> 8e/3r in 7.8s
[2026-08-28T06:21:43] [436/1990] 'Stepan Shutov' -> 15e/12r in 17.3s
[2026-08-28T06:21:54] [437/1990] 'Vladimir Fedorovich Vladimirov' -> 8e/6r in 10.9s
[2026-08-28T06:22:03] [438/1990] 'List of Azerbaijani Heroes of the Soviet Union' -> 6e/5r in 9.0s
[2026-08-28T06:22:18] [439/1990] 'Bahatdin Mirzayev' -> 12e/8r in 14.8s
[2026-08-28T06:22:29] [440/1990] 'Georgy Vasilyevich Ivanov' -> 9e/6r in 10.7s
[2026-08-28T06:22:37] [441/1990] 'Mike Gundy' -> 4e/5r in 7.6s
[2026-08-28T06:22:48] [442/1990] 'Karl Brill' -> 8e/8r in 10.9s
[2026-08-28T06:22:58] [443/1990] 'Mariam Stepanyan' -> 7e/7r in 9.7s
[2026-08-28T06:23:11] [444/1990] 'Ike Mahoney' -> 11e/10r in 12.9s
[2026-08-28T06:23:21] [445/1990] 'Bob Adams (American football)' -> 10e/7r in 10.3s
[2026-08-28T06:23:34] [446/1990] 'Indoor soccer' -> 11e/9r in 12.3s
[2026-08-28T06:24:06] [447/1990] 'Wesley Englehorn' -> 24e/25r in 32.6s
[2026-08-28T06:24:15] [448/1990] 'Cale Gundy' -> 6e/5r in 8.4s
[2026-08-28T06:24:24] [449/1990] 'Ben Coates' -> 8e/7r in 9.5s
[2026-08-28T06:24:35] [450/1990] 'Chris Rubio' -> 11e/6r in 10.6s
[2026-08-28T06:24:47] [451/1990] 'The Truth (Brady Seals album)' -> 10e/10r in 11.6s
[2026-08-28T06:24:55] [452/1990] 'Nick Carter, Master Detective' -> 6e/5r in 7.8s
[2026-08-28T06:25:04] [453/1990] 'Another You, Another Me' -> 7e/6r in 9.0s
[2026-08-28T06:25:22] [454/1990] 'Brady Seals' -> 18e/13r in 18.1s
[2026-08-28T06:25:30] [455/1990] 'Nick Carter va tout casser' -> 5e/5r in 7.4s
[2026-08-28T06:25:43] [456/1990] 'Nick Carter (musician)' -> 12e/11r in 13.6s
[2026-08-28T06:25:53] [457/1990] 'My Love (Little Texas song)' -> 7e/7r in 9.0s
[2026-08-28T06:26:05] [458/1990] 'Brady Seals (album)' -> 8e/11r in 11.9s
[2026-08-28T06:26:12] [459/1990] 'Nick Carter and Red Club' -> 6e/4r in 7.2s
[2026-08-28T06:26:19] [460/1990] 'Thompson Street (album)' -> 5e/4r in 6.5s
[2026-08-28T06:26:34] [461/1990] 'Hassan II Mosque' -> 13e/12r in 15.4s
[2026-08-28T06:26:44] [462/1990] 'Nusretiye Mosque' -> 9e/6r in 9.3s
[2026-08-28T06:26:59] [463/1990] 'Gazi Atik Ali Pasha Mosque' -> 14e/10r in 14.6s
[2026-08-28T06:27:12] [464/1990] 'Vasat Atik Ali Pasha Mosque' -> 12e/9r in 13.5s
[2026-08-28T06:27:19] [465/1990] 'Bayezid II Mosque (Amasya)' -> 5e/3r in 6.9s
[2026-08-28T06:27:33] [466/1990] 'Yıldız Hamidiye Mosque' -> 14e/11r in 13.6s
[2026-08-28T06:27:42] [467/1990] 'King Mosque, Berat' -> 9e/5r in 9.1s
[2026-08-28T06:27:50] [468/1990] 'Bayezid II Mosque' -> 6e/4r in 7.3s
[2026-08-28T06:28:02] [469/1990] 'Beyazıt Square' -> 10e/9r in 11.9s
[2026-08-28T06:28:17] [470/1990] 'Nusretiye Clock Tower' -> 13e/12r in 15.3s
[2026-08-28T06:28:33] [471/1990] 'Three-peat' -> 12e/11r in 15.4s
[2026-08-28T06:28:48] [472/1990] 'Chauncey Billups' -> 14e/13r in 14.9s
[2026-08-28T06:29:06] [473/1990] 'Rickey Paulding' -> 13e/15r in 17.7s
[2026-08-28T06:29:17] [474/1990] 'Reggie Harding' -> 8e/9r in 10.9s
[2026-08-28T06:29:26] [475/1990] 'Jerome Williams (basketball)' -> 9e/5r in 9.0s
[2026-08-28T06:29:43] [476/1990] 'Detroit Pistons' -> 16e/14r in 17.1s
[2026-08-28T06:29:59] [477/1990] '2005–06 Detroit Pistons season' -> 13e/10r in 15.5s
[2026-08-28T06:30:10] [478/1990] 'Dennis Rodman' -> 9e/8r in 11.1s
[2026-08-28T06:30:21] [479/1990] 'Greg Monroe' -> 10e/7r in 10.5s
[2026-08-28T06:30:32] [480/1990] 'Prithipal Singh' -> 11e/7r in 11.5s
[2026-08-28T06:30:39] [481/1990] 'Yeni Valide Mosque' -> 5e/4r in 6.9s
[2026-08-28T06:30:51] [482/1990] 'New Mosque (Istanbul)' -> 11e/10r in 11.9s
[2026-08-28T06:30:59] [483/1990] 'Atik Ali Pasha Mosque' -> 6e/3r in 7.5s
[2026-08-28T06:31:12] [484/1990] 'Pertevniyal Valide Sultan Mosque' -> 11e/9r in 12.9s
[2026-08-28T06:31:23] [485/1990] 'Atik Mustafa Pasha Mosque' -> 9e/5r in 10.4s
[2026-08-28T06:31:35] [486/1990] 'Valens Aqueduct' -> 11e/7r in 11.8s
[2026-08-28T06:31:40] [487/1990] 'Atik Valide Mosque' -> 5e/2r in 5.6s
[2026-08-28T06:31:46] [488/1990] 'Šarena džamija' -> 4e/2r in 5.6s
[2026-08-28T06:32:02] [489/1990] 'Alice Russell Glenny' -> 12e/12r in 15.5s
[2026-08-28T06:32:21] [490/1990] 'Assassination of James A. Garfield' -> 13e/11r in 19.4s
[2026-08-28T06:32:21] [GPU GUARD] paused at 79C (threshold 79C)
[2026-08-28T06:34:28] [GPU GUARD] resumed at 55C
[2026-08-28T06:34:38] [491/1990] 'Rose C. Davison' -> 7e/4r in 9.8s
[2026-08-28T06:34:50] [492/1990] 'Mission style furniture' -> 8e/7r in 11.6s
[2026-08-28T06:35:04] [493/1990] 'Pan-American Exposition' -> 12e/9r in 13.9s
[2026-08-28T06:35:26] [494/1990] 'Caroline Peddle Ball' -> 18e/16r in 22.2s
[2026-08-28T06:35:36] [495/1990] 'Temple of Music' -> 6e/5r in 9.5s
[2026-08-28T06:35:51] [496/1990] '1901 State of the Union Address' -> 11e/8r in 14.6s
[2026-08-28T06:36:02] [497/1990] 'Put Me Off at Buffalo' -> 9e/7r in 11.0s
[2026-08-28T06:36:15] [498/1990] 'Assassination of William McKinley' -> 11e/8r in 13.4s
[2026-08-28T06:36:24] [499/1990] 'Johnny Pemberton' -> 7e/6r in 8.5s
[2026-08-28T06:36:45] [500/1990] 'Julia Benjamin' -> 16e/20r in 21.3s
[2026-08-28T06:37:02] [501/1990] 'Superstore (TV series)' -> 13e/13r in 16.3s
[2026-08-28T06:37:08] [502/1990] 'Fred G. Sanford' -> 4e/3r in 6.3s
[2026-08-28T06:37:22] [503/1990] 'Lea Thompson' -> 12e/10r in 13.2s
[2026-08-28T06:37:48] [504/1990] 'Bo Brady' -> 18e/15r in 26.0s
[2026-08-28T06:37:48] [GPU GUARD] paused at 79C (threshold 79C)
[2026-08-28T06:39:19] [GPU GUARD] resumed at 55C
[2026-08-28T06:39:33] [505/1990] 'Ted Danson' -> 11e/9r in 14.2s
[2026-08-28T06:39:50] [506/1990] 'Meshach Taylor' -> 15e/10r in 16.0s
[2026-08-28T06:40:05] [507/1990] 'Nick Zano' -> 13e/11r in 15.5s
[2026-08-28T06:40:18] [508/1990] 'Son of Zorn' -> 11e/10r in 12.8s
[2026-08-28T06:40:34] [509/1990] 'Halldór Laxness' -> 13e/12r in 15.1s
[2026-08-28T06:40:54] [510/1990] 'Einar Arnórsson' -> 16e/11r in 20.7s
[2026-08-28T06:40:59] [511/1990] 'Halldór Laxness (album)' -> 2e/1r in 4.2s
[2026-08-28T06:41:05] [512/1990] 'The Fish Can Sing' -> 4e/3r in 6.3s
[2026-08-28T06:41:16] [513/1990] 'Guðný Halldórsdóttir' -> 7e/5r in 10.8s
[2026-08-28T06:41:23] [514/1990] 'List of Icelandic films' -> 5e/3r in 6.5s
[2026-08-28T06:41:36] [515/1990] 'Timothy Leary' -> 12e/10r in 12.6s
[2026-08-28T06:41:45] [516/1990] 'Auður Laxness' -> 6e/4r in 8.9s
[2026-08-28T06:41:55] [517/1990] 'Independent People' -> 10e/7r in 10.5s
[2026-08-28T06:42:02] [518/1990] 'Memoir of Halldór Laxness' -> 5e/4r in 6.8s
[2026-08-28T06:42:10] [519/1990] 'Eric Yamamoto' -> 5e/3r in 7.7s
[2026-08-28T06:42:17] [520/1990] 'Korematsu v. United States' -> 6e/4r in 7.2s
[2026-08-28T06:42:30] [521/1990] 'Ex parte Endo' -> 13e/9r in 12.7s
[2026-08-28T06:42:40] [522/1990] 'Duncan v. Kahanamoku' -> 8e/6r in 9.7s
[2026-08-28T06:42:49] [523/1990] 'Chaplinsky v. New Hampshire' -> 6e/6r in 8.3s
[2026-08-28T06:42:59] [524/1990] 'UC Berkeley School of Law' -> 8e/7r in 10.4s
[2026-08-28T06:43:13] [525/1990] 'Freedom of movement under United States law' -> 11e/11r in 13.7s
[2026-08-28T06:43:40] [526/1990] 'Stephen Halbrook' -> 19e/18r in 26.6s
[2026-08-28T06:43:47] [527/1990] 'Dale Minami' -> 6e/3r in 7.0s
[2026-08-28T06:44:16] [528/1990] 'Criminal law in the Waite Court' -> 22e/21r in 28.8s
[2026-08-28T06:44:24] [529/1990] 'Katharine Graham' -> 8e/4r in 7.9s
[2026-08-28T06:44:32] [530/1990] 'Golf (1984 video game)' -> 6e/5r in 7.4s
[2026-08-28T06:44:41] [531/1990] 'Black and White Ball' -> 8e/6r in 9.7s
[2026-08-28T06:44:51] [532/1990] 'Snooker' -> 10e/6r in 9.7s
[2026-08-28T06:45:02] [533/1990] 'Acaciella angustissima' -> 6e/8r in 10.6s
[2026-08-28T06:45:11] [534/1990] 'Sight screen' -> 9e/5r in 9.3s
[2026-08-28T06:45:19] [535/1990] '1956 NFL season' -> 5e/4r in 7.8s
[2026-08-28T06:45:26] [536/1990] 'Common iora' -> 5e/4r in 6.8s
[2026-08-28T06:45:35] [537/1990] 'Blackballing' -> 7e/6r in 8.4s
[2026-08-28T06:45:43] [538/1990] 'Buddleja 'White Ball'' -> 8e/6r in 8.0s
[2026-08-28T06:45:52] [539/1990] 'Cornelis Sebille Roos' -> 7e/6r in 8.8s
[2026-08-28T06:46:02] [540/1990] 'Huis Ten Bosch (train)' -> 7e/6r in 10.1s
[2026-08-28T06:46:08] [541/1990] 'Huis ten Bosch (disambiguation)' -> 4e/3r in 6.0s
[2026-08-28T06:46:19] [542/1990] 'Oranjezaal' -> 7e/7r in 10.0s
[2026-08-28T06:46:27] [543/1990] 'Huis Ten Bosch Station' -> 7e/5r in 8.7s
[2026-08-28T06:46:35] [544/1990] 'Huis ten Bosch palace' -> 6e/5r in 7.7s
[2026-08-28T06:46:47] [545/1990] 'Animal theme park' -> 10e/9r in 11.1s
[2026-08-28T06:47:00] [546/1990] 'Capital Express (Turkey)' -> 10e/11r in 13.2s
[2026-08-28T06:47:09] [547/1990] 'Huis Ten Bosch (theme park)' -> 9e/6r in 9.3s
[2026-08-28T06:47:28] [548/1990] 'Rail replacement bus service' -> 15e/14r in 18.2s
[2026-08-28T06:47:37] [549/1990] 'Deputy prime minister' -> 7e/5r in 9.3s
[2026-08-28T06:47:47] [550/1990] 'Honours (Prevention of Abuses) Act 1925' -> 8e/6r in 9.9s
[2026-08-28T06:47:56] [551/1990] 'Letters of last resort' -> 6e/5r in 8.3s
[2026-08-28T06:48:09] [552/1990] 'Prime Minister of Northern Ireland' -> 9e/9r in 12.6s
[2026-08-28T06:48:26] [553/1990] 'Reindeer Act' -> 13e/13r in 17.7s
[2026-08-28T06:48:35] [554/1990] 'Distribution of Industry Act 1950' -> 6e/5r in 8.0s
[2026-08-28T06:48:48] [555/1990] 'Clement Attlee' -> 10e/7r in 13.1s
[2026-08-28T06:49:08] [556/1990] 'Bush–Aznar memo' -> 15e/20r in 19.8s
[2026-08-28T06:49:08] [GPU GUARD] paused at 79C (threshold 79C)
[2026-08-28T06:50:19] [GPU GUARD] resumed at 55C
[2026-08-28T06:50:27] [557/1990] 'Gordon Bajnai' -> 6e/5r in 8.7s
[2026-08-28T06:50:33] [558/1990] 'Industry Act 1975' -> 4e/2r in 5.9s
[2026-08-28T06:50:39] [559/1990] 'Gweilo' -> 4e/2r in 5.3s
[2026-08-28T06:50:51] [560/1990] 'Sheng nu' -> 11e/9r in 12.1s
[2026-08-28T06:50:59] [561/1990] 'Ghosts (2006 film)' -> 7e/5r in 7.9s
[2026-08-28T06:51:06] [562/1990] 'Dongo' -> 4e/4r in 6.4s
[2026-08-28T06:51:12] [563/1990] 'Ducking (slang)' -> 6e/3r in 6.2s
[2026-08-28T06:51:22] [564/1990] 'Zips' -> 9e/6r in 9.7s
[2026-08-28T06:51:26] [565/1990] 'Cantonese slang' -> 2e/1r in 4.3s
[2026-08-28T06:51:32] [566/1990] 'Beard (companion)' -> 3e/2r in 5.6s
[2026-08-28T06:51:42] [567/1990] 'Shiv (weapon)' -> 9e/6r in 9.6s
[2026-08-28T06:51:54] [568/1990] 'Shmohawk' -> 10e/8r in 11.7s
[2026-08-28T06:52:07] [569/1990] 'Bagaya Monastery' -> 10e/9r in 12.8s
[2026-08-28T06:52:17] [570/1990] 'Buddhism in Hong Kong' -> 9e/6r in 9.9s
[2026-08-28T06:52:23] [571/1990] 'Po Lin Monastery' -> 4e/3r in 5.7s
[2026-08-28T06:52:36] [572/1990] 'Ngong Ping 360' -> 10e/9r in 13.5s
[2026-08-28T06:52:45] [573/1990] 'Great Lavra' -> 6e/5r in 8.9s
[2026-08-28T06:52:57] [574/1990] 'Tian Tan Buddha' -> 10e/8r in 11.1s
[2026-08-28T06:53:10] [575/1990] 'Enchey Monastery' -> 10e/8r in 13.0s
[2026-08-28T06:53:23] [576/1990] 'Lenggu Monastery' -> 11e/6r in 12.6s
[2026-08-28T06:53:31] [577/1990] 'Nei Lak Shan' -> 7e/5r in 8.3s
[2026-08-28T06:53:42] [578/1990] 'Ngong Ping' -> 10e/7r in 11.0s
[2026-08-28T06:53:55] [579/1990] '2011 NBA Finals' -> 11e/9r in 12.3s
[2026-08-28T06:54:05] [580/1990] 'Seth Curry' -> 9e/8r in 10.2s
[2026-08-28T06:54:23] [581/1990] 'Austin Rivers' -> 17e/16r in 17.1s
[2026-08-28T06:54:37] [582/1990] 'Nike Hoop Summit' -> 17e/8r in 14.5s
[2026-08-28T06:54:49] [583/1990] 'Terrance Ferguson' -> 11e/10r in 11.8s
[2026-08-28T06:54:59] [584/1990] '1980 NBA Expansion Draft' -> 7e/6r in 9.2s
[2026-08-28T06:55:08] [585/1990] 'Keijuro Matsui' -> 7e/5r in 8.9s
[2026-08-28T06:55:30] [586/1990] 'Tyus Jones' -> 19e/19r in 22.0s
[2026-08-28T06:55:48] [587/1990] '2010–11 Dallas Mavericks season' -> 14e/12r in 17.7s
[2026-08-28T06:55:58] [588/1990] 'Dirk Nowitzki' -> 9e/7r in 10.5s
[2026-08-28T06:56:11] [589/1990] 'Kim Ryeowook discography' -> 10e/9r in 12.8s
[2026-08-28T06:56:19] [590/1990] 'Henry Lau' -> 6e/5r in 7.7s
[2026-08-28T06:56:34] [591/1990] 'Cho Kyu-hyun discography' -> 13e/11r in 14.6s
[2026-08-28T06:56:43] [592/1990] 'Cho Kyuhyun' -> 7e/6r in 8.5s
[2026-08-28T06:56:51] [593/1990] 'Lee Sung-min (singer)' -> 7e/6r in 8.4s
[2026-08-28T06:57:00] [594/1990] 'Final Recipe' -> 9e/7r in 9.2s
[2026-08-28T06:57:13] [595/1990] 'Eunhyuk' -> 11e/9r in 12.5s
[2026-08-28T06:57:25] [596/1990] 'Super Show' -> 11e/10r in 11.4s
[2026-08-28T06:57:33] [597/1990] 'Lee Donghae' -> 7e/5r in 7.9s
[2026-08-28T06:57:45] [598/1990] 'Kim Ryeowook' -> 11e/8r in 11.8s
[2026-08-28T06:57:56] [599/1990] 'Sinopieris' -> 9e/9r in 10.9s
[2026-08-28T06:58:03] [600/1990] 'Stephanitis takeyai' -> 5e/4r in 7.1s
[2026-08-28T06:58:20] [601/1990] 'Pieris (plant)' -> 17e/16r in 17.0s
[2026-08-28T06:58:35] [602/1990] 'Leptosporangiate fern' -> 11e/10r in 14.3s
[2026-08-28T06:58:42] [603/1990] 'Phlebodium' -> 5e/4r in 6.7s
[2026-08-28T06:58:53] [604/1990] 'Pieris floribunda' -> 10e/8r in 11.5s
[2026-08-28T06:59:05] [605/1990] 'Pieris (butterfly)' -> 7e/9r in 11.3s
[2026-08-28T06:59:10] [606/1990] 'Pieris canidia' -> 4e/2r in 5.6s
[2026-08-28T06:59:38] [607/1990] 'Phlebodium aureum' -> 25e/22r in 27.5s
[2026-08-28T06:59:56] [608/1990] 'Tree fern' -> 17e/16r in 17.2s
[2026-08-28T06:59:56] [GPU GUARD] paused at 79C (threshold 79C)
[2026-08-28T07:01:06] [GPU GUARD] resumed at 55C
[2026-08-28T07:01:18] [609/1990] 'Maestro Armando Ortega' -> 9e/5r in 11.1s
[2026-08-28T07:01:24] [610/1990] 'Al Fakhro' -> 4e/2r in 6.2s
[2026-08-28T07:01:34] [611/1990] 'Franklin Seaver Pratt' -> 8e/4r in 9.5s
[2026-08-28T07:01:48] [612/1990] 'Prachethasa' -> 11e/12r in 13.9s
[2026-08-28T07:02:02] [613/1990] 'Death and state funeral of Gerald Ford' -> 11e/9r in 14.0s
[2026-08-28T07:02:14] [614/1990] 'Thomas Howard, 2nd Duke of Norfolk' -> 8e/8r in 11.8s
[2026-08-28T07:02:28] [615/1990] 'Ingerman, Count of Hesbaye' -> 15e/9r in 13.8s
[2026-08-28T07:02:37] [616/1990] 'Nigel Loring (surgeon)' -> 9e/5r in 9.3s
[2026-08-28T07:02:44] [617/1990] 'Elizabeth Kekaaniau' -> 5e/2r in 6.9s
[2026-08-28T07:02:56] [618/1990] 'Teispes' -> 10e/8r in 11.3s
[2026-08-28T07:03:07] [619/1990] 'Andrea Bocelli' -> 9e/8r in 11.2s
[2026-08-28T07:03:22] [620/1990] 'Giro di Toscana' -> 12e/10r in 14.8s
[2026-08-28T07:03:33] [621/1990] 'Girolamo da Montesarchio' -> 8e/5r in 10.5s
[2026-08-28T07:03:42] [622/1990] '7th Infantry Division Lupi di Toscana' -> 7e/6r in 9.2s
[2026-08-28T07:03:50] [623/1990] 'Melodramma (song)' -> 6e/5r in 7.9s
[2026-08-28T07:03:59] [624/1990] 'Ferdinand IV, Grand Duke of Tuscany' -> 5e/4r in 8.7s
[2026-08-28T07:04:05] [625/1990] 'Cieli di Toscana' -> 4e/3r in 6.0s
[2026-08-28T07:04:11] [626/1990] 'Tuscan Skies' -> 4e/2r in 5.5s
[2026-08-28T07:04:21] [627/1990] 'Mille Lune Mille Onde' -> 8e/7r in 9.9s
[2026-08-28T07:04:31] [628/1990] 'Ottaviano de' Medici (b. 1957)' -> 6e/5r in 9.3s
[2026-08-28T07:04:55] [629/1990] 'Nasty Girl (The Notorious B.I.G. song)' -> 22e/21r in 24.0s
[2026-08-28T07:05:09] [630/1990] 'Project Funk da World' -> 13e/11r in 14.1s
[2026-08-28T07:05:17] [631/1990] 'Naomi Campbell' -> 5e/4r in 7.7s
[2026-08-28T07:05:29] [632/1990] 'Total (group)' -> 9e/11r in 12.2s
[2026-08-28T07:05:41] [633/1990] 'Mo Money Mo Problems' -> 9e/9r in 11.8s
[2026-08-28T07:05:59] [634/1990] 'Vanity (singer)' -> 21e/17r in 17.4s
[2026-08-28T07:06:13] [635/1990] 'Patrick Kelly (fashion designer)' -> 14e/10r in 13.5s
[2026-08-28T07:06:26] [636/1990] 'Victory (Puff Daddy song)' -> 13e/10r in 13.3s
[2026-08-28T07:06:47] [637/1990] 'Notorious (soundtrack)' -> 17e/16r in 21.1s
[2026-08-28T07:07:01] [638/1990] 'Duets: The Final Chapter' -> 11e/10r in 13.1s
[2026-08-28T07:07:15] [639/1990] 'Revengers Tragedy' -> 14e/11r in 14.2s
[2026-08-28T07:07:24] [640/1990] 'King Lear (1916 film)' -> 7e/6r in 8.5s
[2026-08-28T07:07:32] [641/1990] 'Repo Chick' -> 6e/6r in 8.0s
[2026-08-28T07:07:36] [642/1990] 'Diana Quick' -> 2e/1r in 4.1s
[2026-08-28T07:07:52] [643/1990] 'Where Sinners Meet' -> 15e/12r in 15.5s
[2026-08-28T07:08:06] [644/1990] 'Tread Softly Stranger' -> 13e/13r in 14.1s
[2026-08-28T07:08:20] [645/1990] 'The Honey Pot' -> 14e/11r in 13.5s
[2026-08-28T07:08:34] [646/1990] 'Searchers 2.0' -> 11e/10r in 13.7s
[2026-08-28T07:08:48] [647/1990] 'The Orchid House (TV serial)' -> 13e/12r in 13.8s
[2026-08-28T07:09:01] [648/1990] 'Antony and Cleopatra (1974 TV drama)' -> 14e/11r in 13.4s
[2026-08-28T07:09:10] [649/1990] 'Chronicle (film)' -> 7e/6r in 8.6s
[2026-08-28T07:09:18] [650/1990] 'Josh Trank' -> 6e/4r in 7.5s
[2026-08-28T07:09:29] [651/1990] 'Industrialnation' -> 10e/9r in 11.3s
[2026-08-28T07:09:46] [652/1990] 'Drake &amp; Josh' -> 18e/13r in 16.1s
[2026-08-28T07:09:56] [653/1990] 'Roddy Pérez' -> 9e/6r in 10.2s
[2026-08-28T07:10:07] [654/1990] 'The Rapino Brothers' -> 10e/9r in 11.0s
[2026-08-28T07:10:15] [655/1990] 'James Valerio' -> 6e/5r in 8.0s
[2026-08-28T07:10:27] [656/1990] 'Fantastic Four (2015 film)' -> 11e/10r in 11.8s
[2026-08-28T07:10:43] [657/1990] 'Valerio Spada' -> 12e/12r in 15.7s
[2026-08-28T07:10:53] [658/1990] 'Mike Valerio' -> 7e/5r in 9.2s
[2026-08-28T07:11:08] [659/1990] 'Sleepless in Seattle' -> 14e/13r in 15.0s
[2026-08-28T07:11:22] [660/1990] 'Bokuzen Hidari' -> 11e/11r in 14.0s
[2026-08-28T07:11:33] [661/1990] 'Rosie O'Donnell' -> 9e/7r in 10.9s
[2026-08-28T07:11:49] [662/1990] 'Yannis Pappas' -> 15e/12r in 15.4s
[2026-08-28T07:11:49] [GPU GUARD] paused at 79C (threshold 79C)
[2026-08-28T07:13:00] [GPU GUARD] resumed at 55C
[2026-08-28T07:13:08] [663/1990] 'Shaheed Woods' -> 7e/5r in 8.1s
[2026-08-28T07:13:16] [664/1990] 'Tim Bedore' -> 6e/5r in 7.8s
[2026-08-28T07:13:23] [665/1990] 'Barry Ackerley' -> 5e/3r in 7.5s
[2026-08-28T07:13:30] [666/1990] 'Helen Atkinson-Wood' -> 4e/3r in 5.9s
[2026-08-28T07:13:41] [667/1990] 'Marty Belafsky' -> 10e/9r in 11.4s
[2026-08-28T07:13:54] [668/1990] 'List of Seattle Sounders FC 2 players' -> 10e/8r in 12.2s
[2026-08-28T07:14:13] [669/1990] 'Jamie Hutchings' -> 17e/17r in 19.2s
[2026-08-28T07:14:30] [670/1990] 'Trish Lake' -> 13e/11r in 16.4s
[2026-08-28T07:14:53] [671/1990] 'Mista Savona' -> 24e/20r in 23.8s
[2026-08-28T07:15:03] [672/1990] 'Inside Film Awards' -> 8e/7r in 9.2s
[2026-08-28T07:15:12] [673/1990] 'Herbert Finlay' -> 8e/5r in 8.5s
[2026-08-28T07:15:24] [674/1990] 'Any Questions for Ben?' -> 12e/12r in 12.5s
[2026-08-28T07:15:42] [675/1990] 'Josh Schuberth' -> 17e/16r in 17.7s
[2026-08-28T07:15:57] [676/1990] 'Bad Dreems' -> 15e/13r in 14.4s
[2026-08-28T07:16:01] [677/1990] 'Rob Sitch' -> 2e/1r in 4.2s
[2026-08-28T07:16:18] [678/1990] 'Clayton Watson' -> 14e/13r in 16.6s
[2026-08-28T07:16:29] [679/1990] 'Wizard of Ahhhs' -> 10e/8r in 11.2s
[2026-08-28T07:16:41] [680/1990] 'The Shins' -> 12e/10r in 11.8s
[2026-08-28T07:16:54] [681/1990] 'Port of Morrow (album)' -> 12e/11r in 12.8s
[2026-08-28T07:17:02] [682/1990] 'Jon Sortland' -> 7e/5r in 7.9s
[2026-08-28T07:17:15] [683/1990] 'Jesse Sandoval' -> 11e/11r in 12.7s
[2026-08-28T07:17:26] [684/1990] 'Wye Oak (band)' -> 9e/8r in 10.2s
[2026-08-28T07:17:35] [685/1990] 'Radio Rats' -> 8e/7r in 9.3s
[2026-08-28T07:17:49] [686/1990] 'Broken Bells' -> 13e/11r in 13.7s
[2026-08-28T07:18:06] [687/1990] 'Halloween, Alaska' -> 16e/15r in 16.8s
[2026-08-28T07:18:17] [688/1990] 'Kottonmouth Kings' -> 9e/8r in 11.0s
[2026-08-28T07:18:23] [689/1990] 'Legal name' -> 4e/3r in 5.9s
[2026-08-28T07:18:37] [690/1990] 'List of Braathens destinations' -> 10e/8r in 13.3s
[2026-08-28T07:19:01] [691/1990] 'Braathens Helikopter' -> 22e/21r in 24.4s
[2026-08-28T07:19:08] [692/1990] 'Rosemary Edghill' -> 4e/3r in 6.2s
[2026-08-28T07:19:16] [693/1990] 'Star Search (Singapore season 8)' -> 6e/5r in 8.2s
[2026-08-28T07:19:37] [694/1990] 'History of Braathens (1994–2004)' -> 16e/16r in 20.1s
[2026-08-28T07:19:56] [695/1990] 'List of aircraft operated by Braathens' -> 17e/16r in 19.2s
[2026-08-28T07:20:09] [696/1990] 'SAS Braathens' -> 9e/7r in 12.8s
[2026-08-28T07:20:18] [697/1990] 'Scandinavian Airlines' -> 7e/6r in 9.1s
[2026-08-28T07:20:31] [698/1990] 'Braathens' -> 11e/7r in 12.5s
[2026-08-28T07:20:41] [699/1990] 'Link-ZA' -> 7e/6r in 9.9s
[2026-08-28T07:20:51] [700/1990] 'Saab 38' -> 8e/6r in 9.4s
[2026-08-28T07:21:01] [701/1990] 'Pitot tube' -> 8e/6r in 10.1s
[2026-08-28T07:21:16] [702/1990] 'Industrigruppen JAS' -> 10e/11r in 14.9s
[2026-08-28T07:21:26] [703/1990] 'Saab JAS 39 Gripen' -> 7e/6r in 9.6s
[2026-08-28T07:21:44] [704/1990] 'A-Darter' -> 16e/14r in 17.6s
[2026-08-28T07:21:50] [705/1990] 'Volvo RM12' -> 5e/3r in 6.6s
[2026-08-28T07:22:01] [706/1990] 'PS-05/A' -> 12e/6r in 10.8s
[2026-08-28T07:22:15] [707/1990] 'Bombkapsel 90' -> 12e/8r in 13.5s
[2026-08-28T07:22:21] [708/1990] 'Mach number' -> 5e/2r in 5.6s
[2026-08-28T07:22:33] [709/1990] 'KBXI' -> 11e/10r in 11.5s
[2026-08-28T07:22:43] [710/1990] 'KEWF' -> 9e/7r in 10.5s
[2026-08-28T07:22:52] [711/1990] 'KRSQ' -> 8e/6r in 8.8s
[2026-08-28T07:23:02] [712/1990] 'KKBR' -> 9e/7r in 9.5s
[2026-08-28T07:23:15] [713/1990] 'KUMV-TV' -> 10e/9r in 13.2s
[2026-08-28T07:23:28] [714/1990] 'KXMD-TV' -> 12e/7r in 12.6s
[2026-08-28T07:23:41] [715/1990] 'KQCD-TV' -> 11e/7r in 12.2s
[2026-08-28T07:23:52] [716/1990] 'KULR-TV' -> 9e/8r in 10.9s
[2026-08-28T07:24:00] [717/1990] 'KCTR-FM' -> 7e/6r in 8.5s
[2026-08-28T07:24:11] [718/1990] 'SWX Right Now' -> 9e/6r in 10.3s
[2026-08-28T07:24:21] [719/1990] 'Mookie Blaylock' -> 8e/7r in 10.2s
[2026-08-28T07:24:35] [720/1990] 'George T. Johnson' -> 14e/13r in 13.9s
[2026-08-28T07:24:49] [721/1990] 'Garry St. Jean' -> 10e/7r in 13.5s
[2026-08-28T07:25:06] [722/1990] '1995–96 Atlanta Hawks season' -> 14e/13r in 16.5s
[2026-08-28T07:25:16] [723/1990] 'Field goal percentage' -> 11e/5r in 9.7s
[2026-08-28T07:25:25] [724/1990] 'Splash Brothers' -> 8e/7r in 9.4s
[2026-08-28T07:25:35] [725/1990] 'Travis Bader' -> 10e/6r in 9.5s
[2026-08-28T07:25:49] [726/1990] 'Chris Engler' -> 12e/12r in 14.1s
[2026-08-28T07:26:09] [727/1990] '1996–97 Orlando Magic season' -> 16e/13r in 19.2s
[2026-08-28T07:26:09] [GPU GUARD] paused at 79C (threshold 79C)
[2026-08-28T07:27:20] [GPU GUARD] resumed at 55C
[2026-08-28T07:27:33] [728/1990] '1990–91 Houston Rockets season' -> 11e/9r in 12.9s
[2026-08-28T07:27:43] [729/1990] 'Miguel Ramos Arizpe' -> 9e/8r in 10.0s
[2026-08-28T07:27:58] [730/1990] 'Chrysler' -> 14e/11r in 14.6s
[2026-08-28T07:28:11] [731/1990] 'Saltillo Engine Plant' -> 12e/9r in 13.1s
[2026-08-28T07:28:21] [732/1990] 'Ramos Arizpe' -> 6e/6r in 9.4s
[2026-08-28T07:28:35] [733/1990] 'GM High Value engine' -> 13e/10r in 13.9s
[2026-08-28T07:28:44] [734/1990] 'Ford Essex V6 engine (Canadian)' -> 7e/6r in 9.4s
[2026-08-28T07:28:54] [735/1990] 'Plan de Guadalupe International Airport' -> 9e/5r in 9.1s
[2026-08-28T07:29:13] [736/1990] 'Ramos Arizpe Assembly' -> 18e/16r in 18.8s
[2026-08-28T07:29:24] [737/1990] 'Ford Romeo Engine Plant' -> 9e/8r in 11.5s
[2026-08-28T07:29:31] [738/1990] 'Ramos Arizpe Municipality' -> 5e/3r in 6.9s
[2026-08-28T07:29:47] [739/1990] 'The Roy Files' -> 14e/13r in 15.1s
[2026-08-28T07:30:04] [740/1990] 'Everett Greenbaum' -> 17e/16r in 17.4s
[2026-08-28T07:30:14] [741/1990] 'JKT48's Finding Star' -> 8e/7r in 9.7s
[2026-08-28T07:30:32] [742/1990] 'Frenemies (film)' -> 18e/17r in 17.3s
[2026-08-28T07:30:42] [743/1990] 'Wingin' It' -> 8e/7r in 10.0s
[2026-08-28T07:30:50] [744/1990] 'Dylan Everett' -> 5e/4r in 7.9s
[2026-08-28T07:31:01] [745/1990] 'Dean Winchester' -> 9e/8r in 10.7s
[2026-08-28T07:31:12] [746/1990] 'Karaoke Star Jr.' -> 10e/9r in 10.8s
[2026-08-28T07:31:21] [747/1990] 'Open Heart (TV series)' -> 8e/6r in 8.8s
[2026-08-28T07:31:36] [748/1990] 'Jonathan Routh' -> 12e/11r in 15.2s
[2026-08-28T07:31:44] [749/1990] 'Chaerophyllum' -> 9e/3r in 7.8s
[2026-08-28T07:32:09] [750/1990] 'Mary Hanford Ford' -> 20e/23r in 24.7s
[2026-08-28T07:32:24] [751/1990] 'Leontodon taraxacoides' -> 12e/11r in 14.9s
[2026-08-28T07:32:54] [752/1990] 'Hindu Jarrals in Jammu' -> 32e/19r in 29.0s
[2026-08-28T07:33:01] [753/1990] 'Chaerophyllum elegans' -> 6e/5r in 7.2s
[2026-08-28T07:33:10] [754/1990] 'Quakers in Europe' -> 8e/5r in 8.4s
[2026-08-28T07:33:21] [755/1990] 'Cryptanthus' -> 10e/9r in 11.5s
[2026-08-28T07:33:41] [756/1990] 'Italian classical music' -> 21e/16r in 19.9s
[2026-08-28T07:33:42] [GPU GUARD] paused at 79C (threshold 79C)
[2026-08-28T07:34:52] [GPU GUARD] resumed at 55C
[2026-08-28T07:35:11] [757/1990] 'Angiopteris evecta' -> 15e/14r in 18.4s
[2026-08-28T07:35:16] [758/1990] 'Ground stable barn' -> 3e/2r in 4.9s
[2026-08-28T07:35:29] [759/1990] 'Johnny Mathis: Wonderful, Wonderful!' -> 14e/8r in 13.1s
[2026-08-28T07:35:38] [760/1990] 'Borgata' -> 7e/5r in 8.2s
[2026-08-28T07:35:47] [761/1990] 'MGM Grand Atlantic City' -> 7e/6r in 9.6s
[2026-08-28T07:36:04] [762/1990] 'The Atlantic Club Casino Hotel' -> 16e/10r in 15.9s
[2026-08-28T07:36:14] [763/1990] 'TEN Atlantic City' -> 9e/8r in 10.7s
[2026-08-28T07:36:28] [764/1990] 'Tropicana Casino &amp; Resort Atlantic City' -> 10e/9r in 13.6s
[2026-08-28T07:36:37] [765/1990] 'Warm (Johnny Mathis album)' -> 7e/6r in 8.0s
[2026-08-28T07:36:46] [766/1990] 'Wonderful Wonderful (Johnny Mathis album)' -> 8e/7r in 9.4s
[2026-08-28T07:36:56] [767/1990] 'Hotel Paracas' -> 8e/7r in 9.5s
[2026-08-28T07:37:08] [768/1990] 'Caesars Atlantic City' -> 9e/8r in 11.4s
[2026-08-28T07:37:16] [769/1990] 'Linda Eder' -> 7e/5r in 8.5s
[2026-08-28T07:37:26] [770/1990] 'Cobb Energy Performing Arts Centre' -> 8e/7r in 9.6s
[2026-08-28T07:37:44] [771/1990] 'Belleayre Music Festival' -> 15e/15r in 18.0s
[2026-08-28T07:37:59] [772/1990] 'Sam Levene' -> 14e/10r in 14.5s
[2026-08-28T07:38:09] [773/1990] 'In His Eyes' -> 7e/8r in 10.2s
[2026-08-28T07:38:17] [774/1990] 'Inside America' -> 6e/6r in 7.8s
[2026-08-28T07:38:31] [775/1990] 'Jekyll &amp; Hyde (musical)' -> 12e/12r in 13.5s
[2026-08-28T07:38:45] [776/1990] 'Rebecca Spencer (singer)' -> 12e/12r in 13.5s
[2026-08-28T07:39:08] [777/1990] 'Anne Cochran' -> 23e/20r in 22.9s
[2026-08-28T07:39:19] [778/1990] 'Time and Eternity (philosophy book)' -> 11e/8r in 11.1s
[2026-08-28T07:39:48] [779/1990] 'Graham Schweig' -> 20e/21r in 29.0s
[2026-08-28T07:39:57] [780/1990] 'John Culp' -> 7e/6r in 8.7s
[2026-08-28T07:40:10] [781/1990] 'Azusa Pacific University' -> 11e/10r in 12.6s
[2026-08-28T07:40:24] [782/1990] 'Peter L. Berger' -> 12e/7r in 13.1s
[2026-08-28T07:40:35] [783/1990] 'The Company They Keep' -> 9e/8r in 11.1s
[2026-08-28T07:40:45] [784/1990] 'Diana Pavlac Glyer' -> 7e/6r in 9.5s
[2026-08-28T07:41:07] [785/1990] 'Smadar Lavie' -> 14e/11r in 22.1s
[2026-08-28T07:41:25] [786/1990] 'Diana L. Eck' -> 15e/14r in 18.0s
[2026-08-28T07:41:25] [GPU GUARD] paused at 79C (threshold 79C)
[2026-08-28T07:42:36] [GPU GUARD] resumed at 55C
[2026-08-28T07:42:49] [787/1990] 'Amir Hussain' -> 9e/8r in 13.0s
[2026-08-28T07:42:58] [788/1990] 'Gay Byrne' -> 7e/5r in 8.4s
[2026-08-28T07:43:09] [789/1990] 'WWE Extreme Rules' -> 9e/8r in 11.3s
[2026-08-28T07:43:15] [790/1990] 'For One Night Only (Irish TV series)' -> 4e/3r in 5.7s
[2026-08-28T07:43:30] [791/1990] 'You and Me (One Night Only song)' -> 14e/11r in 14.7s
[2026-08-28T07:43:36] [792/1990] 'One Night Stand (video game)' -> 4e/3r in 5.8s
[2026-08-28T07:43:56] [793/1990] 'One Night Only (TV series)' -> 20e/12r in 19.3s
[2026-08-28T07:44:08] [794/1990] 'Elton John One Night Only – The Greatest Hits' -> 9e/8r in 11.7s
[2026-08-28T07:44:18] [795/1990] 'WWE One Night Stand' -> 8e/7r in 10.4s
[2026-08-28T07:44:27] [796/1990] 'One Night (ELO Part II album)' -> 7e/7r in 9.0s
[2026-08-28T07:44:35] [797/1990] 'One Night in One City' -> 7e/3r in 7.2s
[2026-08-28T07:44:47] [798/1990] 'Lebensraum' -> 10e/8r in 11.9s
[2026-08-28T07:44:54] [799/1990] 'Nazi Germany' -> 12e/0r in 6.7s
[2026-08-28T07:45:06] [800/1990] 'Martin Heidegger and Nazism' -> 9e/8r in 12.0s
[2026-08-28T07:45:27] [801/1990] 'Otto Telschow' -> 17e/13r in 20.8s
[2026-08-28T07:45:36] [802/1990] 'Otto Strasser' -> 7e/5r in 8.4s
[2026-08-28T07:45:44] [803/1990] 'Der Stürmer' -> 8e/4r in 8.4s
[2026-08-28T07:45:54] [804/1990] 'Blood and Soil' -> 8e/4r in 9.3s
[2026-08-28T07:46:09] [805/1990] 'Karl-Heinz Schnibbe' -> 9e/12r in 14.9s
[2026-08-28T07:46:15] [806/1990] 'Nazi Party of Costa Rica' -> 5e/2r in 6.1s
[2026-08-28T07:46:24] [807/1990] 'Betriebsobmann' -> 6e/5r in 8.5s
[2026-08-28T07:46:34] [808/1990] 'Hawa (film)' -> 9e/7r in 9.7s
[2026-08-28T07:46:48] [809/1990] 'When a Stranger Calls (2006 film)' -> 12e/12r in 13.4s
[2026-08-28T07:46:57] [810/1990] 'Scare Campaign' -> 8e/7r in 9.2s
[2026-08-28T07:47:08] [811/1990] 'The Village (2004 film)' -> 9e/10r in 11.3s
[2026-08-28T07:47:19] [812/1990] 'The Visit (2015 American film)' -> 8e/8r in 9.9s
[2026-08-28T07:47:36] [813/1990] 'Signs (film)' -> 15e/16r in 17.2s
[2026-08-28T07:47:49] [814/1990] 'The Houses October Built' -> 11e/11r in 13.2s
[2026-08-28T07:53:59] [815/1990] 'List of horror films of the 1930s' -> 0e/0r in 369.2s [WARN empty]
[2026-08-28T07:54:06] [816/1990] 'Olivia DeJonge' -> 4e/3r in 6.4s
[2026-08-28T07:54:06] [GPU GUARD] paused at 81C (threshold 79C)
[2026-08-28T07:55:27] [GPU GUARD] resumed at 55C
[2026-08-28T07:55:40] [817/1990] 'Meet Me There' -> 13e/11r in 13.1s
[2026-08-28T07:55:57] [818/1990] 'Gerstein Report' -> 14e/13r in 17.4s
[2026-08-28T07:56:07] [819/1990] 'Auschwitz concentration camp' -> 8e/6r in 9.4s
[2026-08-28T07:56:15] [820/1990] 'Birkenau (disambiguation)' -> 5e/4r in 7.7s
[2026-08-28T07:56:31] [821/1990] 'Majdanek concentration camp' -> 13e/11r in 15.6s
[2026-08-28T07:56:42] [822/1990] 'Kraków Ghetto' -> 8e/7r in 11.1s
[2026-08-28T07:56:51] [823/1990] 'Jasenovac concentration camp' -> 6e/4r in 8.3s
[2026-08-28T07:57:03] [824/1990] 'Monowitz concentration camp' -> 10e/9r in 12.2s
[2026-08-28T07:57:11] [825/1990] 'SS command of Auschwitz concentration camp' -> 5e/4r in 7.6s
[2026-08-28T07:57:20] [826/1990] 'Rudolf Höss' -> 8e/4r in 8.9s
[2026-08-28T07:57:27] [827/1990] 'Carl Clauberg' -> 5e/2r in 6.5s
[2026-08-28T07:57:38] [828/1990] 'The Crab Cooker' -> 10e/7r in 10.7s
[2026-08-28T07:57:49] [829/1990] 'Oyster bar' -> 9e/8r in 10.8s
[2026-08-28T07:58:00] [830/1990] 'McDonaldization' -> 9e/8r in 11.4s
[2026-08-28T07:58:07] [831/1990] 'Nordsee' -> 6e/4r in 6.9s
[2026-08-28T07:58:16] [832/1990] 'List of oyster bars' -> 6e/5r in 8.4s
[2026-08-28T07:58:28] [833/1990] 'Kyay oh' -> 11e/10r in 12.2s
[2026-08-28T07:58:34] [834/1990] 'Treasure Island' -> 4e/2r in 5.0s
[2026-08-28T07:58:42] [835/1990] 'Good Times Burgers &amp; Frozen Custard' -> 6e/5r in 7.8s
[2026-08-28T07:58:52] [836/1990] 'Long John Silver's' -> 9e/8r in 10.4s
[2026-08-28T07:59:06] [837/1990] 'McDonald's Canada' -> 13e/11r in 13.9s
[2026-08-28T07:59:14] [838/1990] 'Axel von Blomberg' -> 6e/3r in 7.4s
[2026-08-28T07:59:27] [839/1990] 'Mark Gaudet' -> 11e/10r in 12.3s
[2026-08-28T07:59:35] [840/1990] 'Darkness → Light' -> 7e/6r in 8.5s
[2026-08-28T07:59:45] [841/1990] 'Steinar Sverd Johnsen' -> 9e/5r in 9.4s
[2026-08-28T07:59:55] [842/1990] 'Mezzerschmitt' -> 7e/8r in 10.2s
[2026-08-28T08:00:07] [843/1990] 'Elevator (band)' -> 12e/9r in 11.4s
[2026-08-28T08:00:13] [844/1990] 'Erik Blomberg (writer)' -> 3e/2r in 5.4s
[2026-08-28T08:00:20] [845/1990] 'The Forsaken (album)' -> 6e/5r in 7.4s
[2026-08-28T08:00:31] [846/1990] 'Jan Axel Blomberg' -> 11e/5r in 10.1s
[2026-08-28T08:00:42] [847/1990] 'Starke man' -> 10e/9r in 11.3s
[2026-08-28T08:00:57] [848/1990] 'Codename: Kids Next Door' -> 11e/13r in 14.3s
[2026-08-28T08:01:03] [849/1990] 'A Wind in the Door' -> 4e/3r in 6.1s
[2026-08-28T08:01:20] [850/1990] 'The Four Winds of Love' -> 15e/14r in 17.3s
[2026-08-28T08:01:30] [851/1990] 'Door to Door (Modern Family)' -> 8e/7r in 9.2s
[2026-08-28T08:01:41] [852/1990] 'Koi Kaze' -> 9e/7r in 10.7s
[2026-08-28T08:01:51] [853/1990] 'Kaze Hikaru' -> 9e/6r in 10.4s
[2026-08-28T08:01:57] [854/1990] 'Time Quintet' -> 3e/2r in 4.9s
[2026-08-28T08:02:03] [855/1990] 'Close the Last Door' -> 5e/3r in 6.2s
[2026-08-28T08:02:16] [856/1990] 'Kaze no Stigma' -> 10e/9r in 12.4s
[2026-08-28T08:02:29] [857/1990] 'Dan Angel' -> 12e/11r in 13.4s
[2026-08-28T08:02:47] [858/1990] 'Exeter Airport' -> 14e/14r in 17.2s
[2026-08-28T08:03:03] [859/1990] 'Sofia Airport' -> 16e/11r in 16.3s
[2026-08-28T08:03:21] [860/1990] 'International air travel from the United Kingdom' -> 20e/8r in 17.3s
[2026-08-28T08:03:30] [861/1990] 'Tarbes–Lourdes–Pyrénées Airport' -> 8e/5r in 9.3s
[2026-08-28T08:03:45] [862/1990] 'Juanda International Airport' -> 13e/9r in 14.0s
[2026-08-28T08:03:53] [863/1990] 'Futura International Airways' -> 6e/5r in 8.6s
[2026-08-28T08:04:05] [864/1990] 'Boise Airport' -> 10e/8r in 11.7s
[2026-08-28T08:04:18] [865/1990] 'Lahad Datu Airport' -> 10e/9r in 12.0s
[2026-08-28T08:04:29] [866/1990] 'Rotterdam The Hague Airport' -> 9e/8r in 11.1s
[2026-08-28T08:04:35] [867/1990] 'A13 motorway (Netherlands)' -> 5e/3r in 6.0s
[2026-08-28T08:04:42] [868/1990] 'Sinclair, West Virginia' -> 5e/4r in 6.6s
[2026-08-28T08:04:55] [869/1990] 'R. E. Hoy No. 1 Oil Well' -> 9e/7r in 12.2s
[2026-08-28T08:05:01] [870/1990] 'National Iranian Drilling Company' -> 4e/3r in 6.1s
[2026-08-28T08:05:14] [871/1990] 'Pride International' -> 11e/10r in 12.5s
[2026-08-28T08:05:23] [872/1990] 'Fred M. Manning' -> 8e/6r in 9.6s
[2026-08-28T08:05:33] [873/1990] 'Sinclair Oil Corporation' -> 8e/6r in 9.7s
[2026-08-28T08:05:44] [874/1990] 'Harry Ford Sinclair' -> 9e/8r in 10.5s
[2026-08-28T08:06:21] [875/1990] 'Cline Shale' -> 36e/23r in 36.7s
[2026-08-28T08:06:21] [GPU GUARD] paused at 79C (threshold 79C)
[2026-08-28T08:07:32] [GPU GUARD] resumed at 55C
[2026-08-28T08:07:49] [876/1990] 'Patterson-UTI' -> 14e/12r in 17.1s
[2026-08-28T08:07:55] [877/1990] 'Eurasia Drilling Company Limited' -> 3e/2r in 5.2s
[2026-08-28T08:08:09] [878/1990] 'Damien Dematra' -> 14e/13r in 14.1s
[2026-08-28T08:08:36] [879/1990] 'Maya Gallus' -> 26e/27r in 27.0s
[2026-08-28T08:09:01] [880/1990] 'Yair Qedar' -> 17e/26r in 24.6s
[2026-08-28T08:09:07] [881/1990] 'Deeyah Khan' -> 4e/3r in 6.1s
[2026-08-28T08:09:25] [882/1990] 'Deborah S. Esquenazi' -> 15e/12r in 17.5s
[2026-08-28T08:09:33] [883/1990] 'Sandi Simcha DuBowski' -> 7e/4r in 7.8s
[2026-08-28T08:09:42] [884/1990] 'Jihad: A Story of the Others' -> 8e/5r in 8.5s
[2026-08-28T08:09:51] [885/1990] 'A Jihad for Love' -> 8e/6r in 9.0s
[2026-08-28T08:10:02] [886/1990] 'A Sinner in Mecca' -> 10e/8r in 11.0s
[2026-08-28T08:10:19] [887/1990] 'Steven Stalinsky' -> 15e/14r in 16.8s
[2026-08-28T08:10:38] [888/1990] 'Newark Bears (International League)' -> 14e/12r in 18.0s
[2026-08-28T08:11:00] [889/1990] 'Josh Holliday' -> 25e/13r in 22.2s
[2026-08-28T08:11:20] [890/1990] 'LECOM Park' -> 20e/15r in 19.9s
[2026-08-28T08:11:31] [891/1990] 'Bedlam Series' -> 6e/9r in 11.0s
[2026-08-28T08:11:45] [892/1990] 'Athletics Stadium' -> 10e/9r in 13.0s
[2026-08-28T08:12:08] [893/1990] 'Dave Bialas' -> 21e/16r in 23.0s
[2026-08-28T08:12:17] [894/1990] 'Dr Pepper Ballpark' -> 7e/5r in 8.4s
[2026-08-28T08:12:24] [895/1990] 'BirdZerk!' -> 5e/4r in 7.4s
[2026-08-28T08:12:43] [896/1990] 'Rowdy (Dallas Cowboys)' -> 12e/20r in 18.9s
[2026-08-28T08:12:53] [897/1990] 'MiLBY Awards' -> 7e/6r in 9.2s
[2026-08-28T08:13:08] [898/1990] 'Ellicott City, Maryland' -> 14e/10r in 15.4s
[2026-08-28T08:13:21] [899/1990] 'Gainesville, Florida' -> 10e/8r in 12.3s
[2026-08-28T08:13:30] [900/1990] 'Mason, Michigan' -> 7e/6r in 9.0s
[2026-08-28T08:13:44] [901/1990] 'Tampa–Hillsborough County Public Library System' -> 12e/7r in 14.0s
[2026-08-28T08:13:52] [902/1990] 'Cooperative Living Organization' -> 6e/4r in 7.5s
[2026-08-28T08:14:02] [903/1990] 'Florida's 16th congressional district' -> 9e/6r in 9.5s
[2026-08-28T08:14:13] [904/1990] 'Cumberland Homesteads' -> 8e/7r in 10.6s
[2026-08-28T08:14:26] [905/1990] 'Johnston Library' -> 11e/10r in 12.7s
[2026-08-28T08:14:42] [906/1990] 'List of counties in Florida' -> 17e/11r in 16.0s
[2026-08-28T08:15:00] [907/1990] 'Cerro Gordo County Courthouse (Iowa)' -> 13e/16r in 17.8s
[2026-08-28T08:15:00] [GPU GUARD] paused at 79C (threshold 79C)
[2026-08-28T08:16:11] [GPU GUARD] resumed at 55C
[2026-08-28T08:16:23] [908/1990] 'The Fortress Series' -> 13e/7r in 12.2s
[2026-08-28T08:16:33] [909/1990] 'Jane Thayer' -> 7e/8r in 9.7s
[2026-08-28T08:16:47] [910/1990] 'Morishima Chūryō' -> 12e/8r in 13.8s
[2026-08-28T08:16:53] [911/1990] 'Carolyn Zane' -> 3e/2r in 5.2s
[2026-08-28T08:17:02] [912/1990] 'Pen name' -> 8e/7r in 9.1s
[2026-08-28T08:17:09] [913/1990] 'The Story of the Weasel' -> 6e/4r in 7.3s
[2026-08-28T08:17:16] [914/1990] 'Sweeping Up Glass' -> 5e/4r in 6.6s
[2026-08-28T08:17:24] [915/1990] 'Dearie (film)' -> 7e/6r in 7.9s
[2026-08-28T08:17:34] [916/1990] 'C. J. Cherryh' -> 7e/7r in 9.4s
[2026-08-28T08:17:47] [917/1990] 'Lionel Snell' -> 9e/7r in 12.2s
[2026-08-28T08:17:59] [918/1990] 'Nightmarchers' -> 12e/9r in 12.6s
[2026-08-28T08:18:08] [919/1990] 'Shisa' -> 7e/5r in 7.9s
[2026-08-28T08:18:20] [920/1990] 'Ba-Jia-Jiang' -> 10e/8r in 11.9s
[2026-08-28T08:18:30] [921/1990] 'Kukeri' -> 10e/8r in 10.3s
[2026-08-28T08:18:37] [922/1990] 'Sapsali' -> 4e/3r in 6.1s
[2026-08-28T08:18:48] [923/1990] 'Segugio Italiano' -> 11e/7r in 11.2s
[2026-08-28T08:18:56] [924/1990] 'Ugly Way' -> 7e/5r in 8.0s
[2026-08-28T08:19:10] [925/1990] 'Ghosts in Bengali culture' -> 15e/8r in 13.8s
[2026-08-28T08:19:26] [926/1990] 'Witch ball' -> 14e/10r in 15.3s
[2026-08-28T08:19:36] [927/1990] 'Ogbanje' -> 6e/6r in 9.7s
[2026-08-28T08:19:45] [928/1990] 'James Hogun' -> 7e/5r in 8.6s
[2026-08-28T08:19:55] [929/1990] 'Halifax, North Carolina' -> 9e/8r in 10.4s
[2026-08-28T08:20:06] [930/1990] 'Halifax County Home and Tubercular Hospital' -> 9e/7r in 10.6s
[2026-08-28T08:20:15] [931/1990] 'Enfield, North Carolina' -> 7e/5r in 8.7s
[2026-08-28T08:20:25] [932/1990] 'Halifax Historic District' -> 9e/6r in 10.1s
[2026-08-28T08:20:38] [933/1990] 'Gilbert du Motier, Marquis de Lafayette' -> 10e/6r in 12.5s
[2026-08-28T08:20:48] [934/1990] 'The Cellar (Enfield, North Carolina)' -> 7e/6r in 9.2s
[2026-08-28T08:20:59] [935/1990] 'James H. Parker House' -> 8e/9r in 11.1s
[2026-08-28T08:21:07] [936/1990] 'Bell-Sherrod House' -> 6e/5r in 8.0s
[2026-08-28T08:21:23] [937/1990] 'John Hamilton (American Revolution)' -> 13e/12r in 15.8s
[2026-08-28T08:21:34] [938/1990] 'Egypt at the 2004 Summer Paralympics' -> 9e/6r in 10.7s
[2026-08-28T08:21:43] [939/1990] 'Colt McCoy' -> 8e/6r in 9.0s
[2026-08-28T08:21:51] [940/1990] 'Sobaeksu Sports Club' -> 5e/4r in 7.4s
[2026-08-28T08:22:08] [941/1990] 'Walter Camp Award' -> 17e/12r in 16.7s
[2026-08-28T08:22:23] [942/1990] 'David Neill' -> 14e/10r in 14.1s
[2026-08-28T08:22:28] [943/1990] 'Case McCoy' -> 4e/2r in 5.7s
[2026-08-28T08:22:37] [944/1990] 'Colt clan incest case' -> 7e/3r in 8.1s
[2026-08-28T08:22:52] [945/1990] '1983 Stanley Cup Finals' -> 10e/10r in 14.8s
[2026-08-28T08:23:05] [946/1990] 'List of Carolina Hurricanes seasons' -> 15e/5r in 12.8s
[2026-08-28T08:23:11] [947/1990] 'Sports team' -> 5e/2r in 5.9s
[2026-08-28T08:23:22] [948/1990] 'International Russian School in Antalya' -> 9e/7r in 11.0s
[2026-08-28T08:23:30] [949/1990] 'Russian School Hurghada' -> 6e/4r in 7.5s
[2026-08-28T08:23:45] [950/1990] 'Russian School Defense Staff' -> 13e/10r in 14.6s
[2026-08-28T08:23:54] [951/1990] 'Novgorod School' -> 7e/6r in 8.7s
[2026-08-28T08:24:03] [952/1990] 'Alexander Borodin' -> 7e/6r in 9.2s
[2026-08-28T08:24:16] [953/1990] 'The Mighty Handful' -> 12e/8r in 12.1s
[2026-08-28T08:24:26] [954/1990] 'Russian International School in Dubai' -> 9e/8r in 10.5s
[2026-08-28T08:24:41] [955/1990] 'FC Nara-ShBFR Naro-Fominsk' -> 12e/8r in 14.8s
[2026-08-28T08:24:55] [956/1990] 'Eduant Private Russian School' -> 12e/9r in 12.8s
[2026-08-28T08:25:04] [957/1990] 'Russian School of Private Law' -> 8e/6r in 9.7s
[2026-08-28T08:25:15] [958/1990] 'The Attorney' -> 8e/8r in 10.6s
[2026-08-28T08:25:28] [959/1990] 'Sudigundalu' -> 9e/8r in 12.3s
[2026-08-28T08:25:36] [960/1990] 'Mamma Ebe' -> 6e/4r in 7.8s
[2026-08-28T08:25:45] [961/1990] 'The Lawyer (film)' -> 11e/5r in 9.3s
[2026-08-28T08:26:02] [962/1990] 'Shaurya' -> 17e/15r in 16.1s
[2026-08-28T08:26:15] [963/1990] 'Twilight of Honor' -> 13e/11r in 13.1s
[2026-08-28T08:26:31] [964/1990] 'The Ballad of Jack and Rose' -> 15e/14r in 15.6s
[2026-08-28T08:26:41] [965/1990] 'Susanna Thompson' -> 9e/8r in 9.8s
[2026-08-28T08:27:00] [966/1990] 'Vaaimai' -> 19e/15r in 18.7s
[2026-08-28T08:27:12] [967/1990] 'Ghosts of Mississippi' -> 10e/9r in 11.7s
[2026-08-28T08:27:25] [968/1990] 'Too Beautiful to Live' -> 9e/10r in 12.4s
[2026-08-28T08:27:37] [969/1990] 'Luke Burbank' -> 10e/9r in 12.1s
[2026-08-28T08:27:46] [970/1990] 'Live Wire Radio' -> 7e/6r in 8.6s
[2026-08-28T08:28:01] [971/1990] 'Floater (band)' -> 15e/13r in 14.7s
[2026-08-28T08:28:14] [972/1990] 'A Prairie Home Companion' -> 10e/10r in 12.3s
[2026-08-28T08:28:18] [973/1990] 'Livewire' -> 4e/0r in 4.1s
[2026-08-28T08:28:29] [974/1990] 'Live Wire (album)' -> 10e/9r in 10.8s
[2026-08-28T08:28:38] [975/1990] 'Desde Gayola' -> 7e/6r in 8.8s
[2026-08-28T08:28:47] [976/1990] 'The Live Wire: Woody Guthrie in Performance 1949' -> 6e/5r in 8.6s
[2026-08-28T08:29:02] [977/1990] 'Live Wire (Martha and the Vandellas song)' -> 13e/12r in 14.4s
[2026-08-28T08:29:13] [978/1990] 'Kamen Georgiev' -> 9e/7r in 11.6s
[2026-08-28T08:29:24] [979/1990] 'Skip Hall (MMA)' -> 8e/6r in 9.9s
[2026-08-28T08:29:34] [980/1990] 'Luke Rockhold' -> 11e/7r in 10.6s
[2026-08-28T08:29:54] [981/1990] 'Dan Henderson' -> 18e/15r in 19.3s
[2026-08-28T08:30:02] [982/1990] 'Chris Weidman' -> 7e/5r in 8.0s
[2026-08-28T08:30:13] [983/1990] 'Demetrious Johnson (fighter)' -> 9e/7r in 10.4s
[2026-08-28T08:30:26] [984/1990] 'Joanna Jędrzejczyk' -> 9e/8r in 12.9s
[2026-08-28T08:30:40] [985/1990] 'Jamill Kelly' -> 10e/10r in 14.0s
[2026-08-28T08:31:01] [986/1990] 'KHK MMA' -> 18e/14r in 20.6s
[2026-08-28T08:31:15] [987/1990] 'Championship Fighting Alliance' -> 11e/9r in 13.9s
[2026-08-28T08:31:15] [GPU GUARD] paused at 79C (threshold 79C)
[2026-08-28T08:32:31] [GPU GUARD] resumed at 55C
[2026-08-28T08:32:42] [988/1990] 'Arlecchino (opera)' -> 9e/7r in 10.6s
[2026-08-28T08:32:49] [989/1990] 'Consul fabius' -> 5e/4r in 6.7s
[2026-08-28T08:33:08] [990/1990] 'Uterine cancer' -> 10e/17r in 18.9s
[2026-08-28T08:33:19] [991/1990] 'Street art' -> 14e/8r in 11.1s
[2026-08-28T08:33:26] [992/1990] 'Ekaterina Semenikhin' -> 5e/4r in 6.7s
[2026-08-28T08:33:39] [993/1990] 'Degagna' -> 9e/10r in 12.3s
[2026-08-28T08:33:52] [994/1990] 'Skin cancer in horses' -> 10e/10r in 13.2s
[2026-08-28T08:34:01] [995/1990] 'Vladimir Semenikhin' -> 7e/5r in 8.5s
[2026-08-28T08:34:12] [996/1990] 'Trial of Trebonius' -> 8e/7r in 10.6s
[2026-08-28T08:34:16] [997/1990] 'The Consul' -> 2e/1r in 4.1s
[2026-08-28T08:34:38] [998/1990] 'Namsaknoi Yudthagarngamtorn' -> 17e/15r in 21.7s
[2026-08-28T08:34:47] [999/1990] 'Rafael dos Anjos' -> 8e/6r in 8.8s
[2026-08-28T08:35:01] [1000/1990] 'José Aldo' -> 12e/10r in 13.2s
[2026-08-28T08:35:14] [1001/1990] 'Anderson Silva' -> 13e/10r in 12.6s
[2026-08-28T08:35:30] [1002/1990] 'Milton Vieira' -> 16e/14r in 16.6s
[2026-08-28T08:35:43] [1003/1990] 'Mário Neto' -> 13e/11r in 12.6s
[2026-08-28T08:35:54] [1004/1990] 'Wallid Ismail' -> 8e/7r in 9.9s
[2026-08-28T08:36:09] [1005/1990] 'Antônio Rodrigo Nogueira' -> 13e/10r in 15.6s
[2026-08-28T08:36:30] [1006/1990] 'Renzo Gracie' -> 19e/17r in 20.4s
[2026-08-28T08:36:34] [1007/1990] 'Lysiloma' -> 2e/1r in 4.0s
[2026-08-28T08:36:45] [1008/1990] 'Epidendrum subsect. Umbellata' -> 7e/6r in 10.1s
[2026-08-28T08:36:52] [1009/1990] 'Coeloplana fishelsoni' -> 5e/4r in 7.2s
[2026-08-28T08:37:05] [1010/1990] 'Elaeagnus umbellata' -> 10e/9r in 12.2s
[2026-08-28T08:37:20] [1011/1990] 'Sabicu wood' -> 12e/11r in 15.6s
[2026-08-28T08:37:36] [1012/1990] 'Hunteria umbellata' -> 14e/13r in 15.1s
[2026-08-28T08:37:51] [1013/1990] 'Hydrocotyle ranunculoides' -> 10e/10r in 14.5s
[2026-08-28T08:38:04] [1014/1990] 'Hydrocotyle javanica' -> 13e/9r in 12.8s
[2026-08-28T08:38:14] [1015/1990] 'Lysiloma latisiliquum' -> 9e/6r in 10.2s
[2026-08-28T08:38:25] [1016/1990] 'Hydrocotyle umbellata' -> 9e/8r in 10.7s
[2026-08-28T08:38:40] [1017/1990] 'Pumping Iron &amp; Sweating Steel' -> 12e/11r in 15.0s
[2026-08-28T08:38:47] [1018/1990] 'Pumping Iron II: The Women' -> 4e/3r in 6.2s
[2026-08-28T08:38:57] [1019/1990] 'Gary Scalese' -> 8e/7r in 9.8s
[2026-08-28T08:39:06] [1020/1990] 'Mike Katz' -> 7e/6r in 8.4s
[2026-08-28T08:39:18] [1021/1990] 'Love's So Tough' -> 10e/9r in 12.4s
[2026-08-28T08:39:29] [1022/1990] 'Bodybuilders (On the Inside)' -> 10e/7r in 10.4s
[2026-08-28T08:39:46] [1023/1990] 'Pumping Iron' -> 18e/13r in 16.6s
[2026-08-28T08:40:01] [1024/1990] 'Robby Robinson (bodybuilder)' -> 13e/12r in 14.9s
[2026-08-28T08:40:11] [1025/1990] 'Gasland' -> 8e/7r in 10.1s
[2026-08-28T08:40:25] [1026/1990] 'Ken Waller' -> 12e/11r in 13.4s
[2026-08-28T08:40:38] [1027/1990] 'John F. Kennedy: Years of Lightning, Day of Drums' -> 9e/11r in 12.9s
[2026-08-28T08:40:44] [1028/1990] 'Rosemary Willis (Miss Virginia)' -> 4e/3r in 5.6s
[2026-08-28T08:40:54] [1029/1990] 'Warren Commission' -> 10e/5r in 10.0s
[2026-08-28T08:41:06] [1030/1990] 'Grave of Robert F. Kennedy' -> 10e/9r in 12.0s
[2026-08-28T08:41:17] [1031/1990] 'Dealey Plaza' -> 9e/6r in 9.9s
[2026-08-28T08:41:34] [1032/1990] 'Assassination of John F. Kennedy' -> 16e/12r in 17.4s
[2026-08-28T08:41:45] [1033/1990] 'Pink Chanel suit of Jacqueline Bouvier Kennedy' -> 8e/6r in 10.7s
[2026-08-28T08:41:59] [1034/1990] 'Timeline of the presidency of John F. Kennedy' -> 10e/10r in 13.9s
[2026-08-28T08:42:08] [1035/1990] 'John F. Kennedy Eternal Flame' -> 6e/5r in 8.8s
[2026-08-28T08:42:18] [1036/1990] 'Rosemary Willis' -> 8e/6r in 9.2s
[2026-08-28T08:42:31] [1037/1990] 'Borhat' -> 11e/10r in 13.2s
[2026-08-28T08:42:47] [1038/1990] 'Wilfrid' -> 14e/13r in 15.8s
[2026-08-28T08:43:02] [1039/1990] 'Kröpcke' -> 14e/10r in 14.5s
[2026-08-28T08:43:12] [1040/1990] 'Northman' -> 10e/5r in 9.6s
[2026-08-28T08:43:19] [1041/1990] 'Guthred' -> 6e/3r in 6.7s
[2026-08-28T08:43:34] [1042/1990] 'Fulrad' -> 14e/11r in 14.2s
[2026-08-28T08:43:44] [1043/1990] 'Ceolwulf of Northumbria' -> 8e/6r in 10.1s
[2026-08-28T08:43:53] [1044/1990] 'Rull Men's Meetinghouse' -> 7e/6r in 9.2s
[2026-08-28T08:44:11] [1045/1990] 'Sæberht of Essex' -> 17e/13r in 17.0s
[2026-08-28T08:44:27] [1046/1990] 'Eadred Lulisc' -> 11e/13r in 16.4s
[2026-08-28T08:44:39] [1047/1990] 'New Hampshire Route 78' -> 9e/7r in 10.9s
[2026-08-28T08:44:47] [1048/1990] 'Mississippi Highway 23' -> 8e/5r in 8.6s
[2026-08-28T08:45:06] [1049/1990] 'Interstate 99' -> 16e/14r in 18.4s
[2026-08-28T08:45:15] [1050/1990] 'Mooreville, Mississippi' -> 8e/6r in 9.1s
[2026-08-28T08:45:30] [1051/1990] 'Interstate 85 in Virginia' -> 12e/11r in 14.5s
[2026-08-28T08:45:46] [1052/1990] 'Interstate 990' -> 13e/12r in 15.9s
[2026-08-28T08:46:16] [1053/1990] 'U.S. Route 278' -> 27e/26r in 29.4s
[2026-08-28T08:46:16] [GPU GUARD] paused at 79C (threshold 79C)
[2026-08-28T08:47:27] [GPU GUARD] resumed at 55C
[2026-08-28T08:47:49] [1054/1990] 'U.S. Route 78 in Georgia' -> 29e/13r in 22.2s
[2026-08-28T08:47:58] [1055/1990] '1962 Utah state route renumbering' -> 7e/5r in 8.8s
[2026-08-28T08:48:15] [1056/1990] 'Interstate 22' -> 15e/13r in 16.0s
[2026-08-28T08:48:40] [1057/1990] 'Minnesota Institute for Talented Youth' -> 20e/20r in 24.9s
[2026-08-28T08:49:01] [1058/1990] 'Masters of Rock (festival)' -> 33e/7r in 21.3s
[2026-08-28T08:49:08] [1059/1990] 'Flamingo Las Vegas' -> 7e/1r in 6.5s
[2026-08-28T08:49:30] [1060/1990] 'HalloWeekends' -> 20e/16r in 21.7s
[2026-08-28T08:49:44] [1061/1990] 'Shakori Hills Grassroots Festival' -> 10e/9r in 13.7s
[2026-08-28T08:49:52] [1062/1990] 'Summer Nights (residency show)' -> 6e/5r in 7.6s
[2026-08-28T08:50:03] [1063/1990] 'Parachico' -> 10e/8r in 11.1s
[2026-08-28T08:50:15] [1064/1990] 'Jason Edwards: An Average Man' -> 10e/9r in 11.8s
[2026-08-28T08:50:24] [1065/1990] 'Bedikas Chametz' -> 6e/4r in 8.0s
[2026-08-28T08:50:33] [1066/1990] 'Challenge Casino de Charlevoix' -> 7e/6r in 9.4s
[2026-08-28T08:50:40] [1067/1990] 'Plaster Caster' -> 4e/3r in 6.3s
[2026-08-28T08:50:51] [1068/1990] 'Nikolay Pirogov' -> 7e/6r in 10.4s
[2026-08-28T08:51:01] [1069/1990] 'Comparison of orthotics' -> 7e/8r in 9.8s
[2026-08-28T08:51:10] [1070/1990] 'Museum of Plaster Casts (Thessaloniki)' -> 8e/5r in 9.3s
[2026-08-28T08:51:21] [1071/1990] 'Paul Freeman (cryptozoologist)' -> 9e/7r in 10.1s
[2026-08-28T08:51:35] [1072/1990] 'Musée Rude' -> 12e/10r in 14.5s
[2026-08-28T08:51:42] [1073/1990] 'Jeffrey Meldrum' -> 4e/3r in 6.4s
[2026-08-28T08:51:59] [1074/1990] 'Mariana Castillo Deball' -> 14e/11r in 16.8s
[2026-08-28T08:52:07] [1075/1990] 'H. Winnett Orr' -> 6e/3r in 7.1s
[2026-08-28T08:52:13] [1076/1990] 'Cynthia Plaster Caster' -> 4e/2r in 5.9s
[2026-08-28T08:52:21] [1077/1990] 'Cataclysm: Dark Days Ahead' -> 6e/5r in 8.1s
[2026-08-28T08:52:32] [1078/1990] 'Open-source license' -> 8e/7r in 10.6s
[2026-08-28T08:52:42] [1079/1990] 'The Binding of Isaac (video game)' -> 10e/8r in 9.8s
[2026-08-28T08:52:52] [1080/1990] 'Freemium' -> 10e/6r in 9.4s
[2026-08-28T08:52:59] [1081/1990] 'BitTorrent Open Source License' -> 4e/3r in 6.6s
[2026-08-28T08:53:09] [1082/1990] 'Tales of Maj'Eyal' -> 10e/9r in 10.5s
[2026-08-28T08:53:18] [1083/1990] 'DRL (video game)' -> 8e/6r in 8.7s
[2026-08-28T08:53:32] [1084/1990] 'Common Development and Distribution License' -> 11e/10r in 13.3s
[2026-08-28T08:53:51] [1085/1990] 'WURFL' -> 15e/13r in 18.5s
[2026-08-28T08:53:57] [1086/1990] 'Dungeon Crawl Stone Soup' -> 4e/2r in 5.9s
[2026-08-28T08:54:08] [1087/1990] 'Secuestro Express' -> 9e/8r in 10.6s
[2026-08-28T08:54:15] [1088/1990] 'The Speed of Thought' -> 6e/5r in 7.3s
[2026-08-28T08:54:24] [1089/1990] 'The Dance (Faithless album)' -> 6e/6r in 7.9s
[2026-08-28T08:54:35] [1090/1990] 'Tango (1998 film)' -> 9e/7r in 10.8s
[2026-08-28T08:54:47] [1091/1990] 'Frida' -> 11e/10r in 12.2s
[2026-08-28T08:54:55] [1092/1990] 'Mía Maestro' -> 7e/5r in 7.8s
[2026-08-28T08:55:01] [1093/1990] 'Nadia Santos' -> 3e/2r in 4.9s
[2026-08-28T08:55:17] [1094/1990] 'Jean Paul Leroux' -> 15e/14r in 15.9s
[2026-08-28T08:55:26] [1095/1990] 'Timecode (film)' -> 14e/2r in 8.7s
[2026-08-28T08:55:39] [1096/1990] 'Some Girl(s) (film)' -> 13e/12r in 12.9s
[2026-08-28T08:55:47] [1097/1990] 'Josef Raesch' -> 6e/4r in 7.4s
[2026-08-28T08:55:54] [1098/1990] 'Singapore Business Review' -> 5e/5r in 7.5s
[2026-08-28T08:56:09] [1099/1990] 'Give My Regards to Davy' -> 14e/10r in 14.8s
[2026-08-28T08:56:33] [1100/1990] 'Fortean Society' -> 21e/20r in 23.4s
[2026-08-28T08:56:40] [1101/1990] 'UFO Magazine' -> 6e/4r in 7.1s
[2026-08-28T08:56:50] [1102/1990] 'Ernest Charles Hoy' -> 9e/6r in 9.3s
[2026-08-28T08:57:01] [1103/1990] 'Charles Fort' -> 7e/11r in 11.0s
[2026-08-28T08:57:13] [1104/1990] 'Michel Monnerie' -> 10e/7r in 11.2s
[2026-08-28T08:57:29] [1105/1990] 'Nancy Hayfield' -> 15e/10r in 16.2s
[2026-08-28T08:57:40] [1106/1990] 'UFO Magazine (UK)' -> 9e/8r in 10.7s
[2026-08-28T08:57:51] [1107/1990] 'Mary Sweeney' -> 9e/7r in 10.0s
[2026-08-28T08:57:55] [1108/1990] 'The Future of Oil: A Straight Story of the Canadian Oil Sands' -> 2e/1r in 4.4s
[2026-08-28T08:58:05] [1109/1990] 'Wiley Harker' -> 10e/6r in 9.6s
[2026-08-28T08:58:14] [1110/1990] 'Clermont, Iowa' -> 8e/6r in 8.9s
[2026-08-28T08:58:23] [1111/1990] 'Alvin Straight' -> 7e/6r in 8.5s
[2026-08-28T08:58:32] [1112/1990] 'Frozen (2013 film)' -> 10e/5r in 8.7s
[2026-08-28T08:58:45] [1113/1990] 'Richard Farnsworth' -> 10e/9r in 12.9s
[2026-08-28T08:58:55] [1114/1990] 'Dan Flannery' -> 9e/8r in 9.5s
[2026-08-28T08:59:06] [1115/1990] 'Angelo Badalamenti' -> 10e/8r in 10.9s
[2026-08-28T08:59:19] [1116/1990] 'The Straight Story' -> 11e/10r in 12.9s
[2026-08-28T08:59:35] [1117/1990] 'Battle of Congaree Creek' -> 13e/11r in 15.7s
[2026-08-28T08:59:50] [1118/1990] 'Battle of the Rosebud' -> 14e/10r in 14.9s
[2026-08-28T08:59:58] [1119/1990] 'Battle of Olongapo' -> 5e/4r in 7.3s
[2026-08-28T09:00:20] [1120/1990] 'Naval Battle of Campeche' -> 16e/20r in 21.7s
[2026-08-28T09:00:30] [1121/1990] 'Lame Deer' -> 7e/5r in 9.8s
[2026-08-28T09:00:42] [1122/1990] 'Battle of Ezra Church' -> 11e/8r in 11.4s
[2026-08-28T09:00:53] [1123/1990] 'Battle of Kuwait International Airport' -> 9e/8r in 11.4s
[2026-08-28T09:01:10] [1124/1990] 'Northern Cheyenne Indian Reservation' -> 14e/11r in 16.5s
[2026-08-28T09:01:29] [1125/1990] 'The Other Magpie' -> 13e/14r in 18.1s
[2026-08-28T09:01:40] [1126/1990] 'Second Battle of Caloocan' -> 8e/7r in 10.9s
[2026-08-28T09:01:51] [1127/1990] 'Rayo de Jalisco Jr.' -> 7e/6r in 10.7s
[2026-08-28T09:01:59] [1128/1990] 'Stigma (luchador)' -> 7e/4r in 7.8s
[2026-08-28T09:02:12] [1129/1990] 'John D. Minton Jr.' -> 9e/9r in 12.8s
[2026-08-28T09:02:18] [1130/1990] 'Big John Studd' -> 5e/2r in 6.1s
[2026-08-28T09:02:29] [1131/1990] 'Último Dragoncito' -> 8e/7r in 10.0s
[2026-08-28T09:02:42] [1132/1990] 'Histeria (wrestler)' -> 9e/6r in 13.3s
[2026-08-28T09:02:56] [1133/1990] 'Curt Hennig' -> 11e/10r in 13.6s
[2026-08-28T09:03:10] [1134/1990] 'Double Agent (1987 film)' -> 18e/9r in 13.5s
[2026-08-28T09:03:22] [1135/1990] 'The Go-Katz' -> 11e/9r in 11.5s
[2026-08-28T09:03:32] [1136/1990] 'Los Hombres del Camuflaje' -> 7e/6r in 9.7s
[2026-08-28T09:03:46] [1137/1990] 'Spontaneous Combustion (album)' -> 18e/8r in 14.3s
[2026-08-28T09:04:03] [1138/1990] 'She Is Love (Parachute song)' -> 17e/13r in 16.1s
[2026-08-28T09:04:20] [1139/1990] 'Don't Call It Love' -> 15e/14r in 16.7s
[2026-08-28T09:04:35] [1140/1990] 'Love Stinks (song)' -> 18e/9r in 15.1s
[2026-08-28T09:04:44] [1141/1990] 'I Love You (The Zombies song)' -> 6e/5r in 8.1s
[2026-08-28T09:04:55] [1142/1990] 'Better Than Home' -> 7e/10r in 10.7s
[2026-08-28T09:05:06] [1143/1990] 'I Saw the Light (Hank Williams song)' -> 9e/9r in 11.1s
[2026-08-28T09:05:26] [1144/1990] 'Can We Talk' -> 23e/17r in 19.4s
[2026-08-28T09:05:31] [1145/1990] 'Chris White (musician)' -> 3e/2r in 4.9s
[2026-08-28T09:05:51] [1146/1990] 'Willis Alan Ramsey (album)' -> 21e/20r in 19.6s
[2026-08-28T09:06:02] [1147/1990] 'Sherwood Stewart' -> 9e/7r in 10.8s
[2026-08-28T09:06:15] [1148/1990] '1991 Wimbledon Championships – Men's Doubles' -> 13e/10r in 13.5s
[2026-08-28T09:06:22] [1149/1990] '1996 IPB Czech Indoor – Doubles' -> 4e/3r in 6.2s
[2026-08-28T09:06:29] [1150/1990] '1995 Nottingham Open – Singles' -> 5e/4r in 6.3s
[2026-08-28T09:06:34] [1151/1990] '1996 Nottingham Open – Singles' -> 4e/2r in 5.5s
[2026-08-28T09:06:43] [1152/1990] '1996 Abierto Mexicano de Tenis – Doubles' -> 5e/5r in 7.9s
[2026-08-28T09:06:59] [1153/1990] 'Patricia Tarabini' -> 13e/11r in 16.0s
[2026-08-28T09:07:05] [1154/1990] '1993 ATP Buenos Aires – Doubles' -> 4e/3r in 6.1s
[2026-08-28T09:07:12] [1155/1990] 'Javier Frana' -> 4e/3r in 6.2s
[2026-08-28T09:07:20] [1156/1990] '1994 ATP Buenos Aires – Singles' -> 8e/3r in 7.6s
[2026-08-28T09:13:29] [1157/1990] 'Schutzhund' -> 0e/0r in 369.1s [WARN empty]
[2026-08-28T09:13:35] [1158/1990] 'Dutch Shepherd' -> 5e/2r in 5.6s
[2026-08-28T09:13:35] [GPU GUARD] paused at 80C (threshold 79C)
[2026-08-28T09:14:56] [GPU GUARD] resumed at 55C
[2026-08-28T09:15:09] [1159/1990] 'Guatemalan Dogo' -> 9e/9r in 13.3s
[2026-08-28T09:15:16] [1160/1990] 'Dogo Cubano' -> 6e/3r in 6.7s
[2026-08-28T09:15:28] [1161/1990] 'Belgian Shepherd' -> 11e/10r in 11.7s
[2026-08-28T09:15:36] [1162/1990] 'Collie' -> 7e/6r in 7.9s
[2026-08-28T09:15:47] [1163/1990] 'Cuban Criollo' -> 9e/7r in 10.3s
[2026-08-28T09:15:57] [1164/1990] 'Dogo Argentino' -> 9e/7r in 10.0s
[2026-08-28T09:16:09] [1165/1990] 'Chiribaya Dog' -> 11e/8r in 11.8s
[2026-08-28T09:16:18] [1166/1990] 'Romanian Raven Shepherd Dog' -> 8e/5r in 8.6s
[2026-08-28T09:16:27] [1167/1990] 'Spawn (comics)' -> 7e/6r in 8.7s
[2026-08-28T09:16:45] [1168/1990] 'SeaQuest DSV' -> 17e/14r in 17.7s
[2026-08-28T09:16:59] [1169/1990] 'Mustafa Shakir' -> 13e/11r in 13.4s
[2026-08-28T09:17:09] [1170/1990] 'Tiffany (comics)' -> 8e/6r in 10.1s
[2026-08-28T09:17:27] [1171/1990] 'Horace and Pete' -> 16e/14r in 17.5s
[2026-08-28T09:17:40] [1172/1990] 'Fantastic Contraption (2008 video game)' -> 10e/8r in 12.4s
[2026-08-28T09:17:47] [1173/1990] 'Wuthering Heights (1953 film)' -> 5e/3r in 6.3s
[2026-08-28T09:17:57] [1174/1990] 'Malebolgia' -> 7e/6r in 10.1s
[2026-08-28T09:18:18] [1175/1990] 'Pennsylvania's 10th congressional district' -> 17e/14r in 21.1s
[2026-08-28T09:18:33] [1176/1990] 'Donna Noble' -> 11e/11r in 14.4s
[2026-08-28T09:18:43] [1177/1990] 'Real Life with Jane Pauley' -> 8e/7r in 9.9s
[2026-08-28T09:18:49] [1178/1990] 'After the Truth' -> 6e/2r in 6.0s
[2026-08-28T09:19:02] [1179/1990] 'Theodor Szehinskyj' -> 8e/8r in 12.1s
[2026-08-28T09:19:12] [1180/1990] 'Josef Mengele' -> 9e/5r in 9.8s
[2026-08-28T09:19:20] [1181/1990] 'Music Box (film)' -> 8e/4r in 7.5s
[2026-08-28T09:19:30] [1182/1990] 'Desk appearance ticket' -> 7e/7r in 9.7s
[2026-08-28T09:19:37] [1183/1990] 'Negative checking' -> 4e/3r in 6.8s
[2026-08-28T09:19:46] [1184/1990] 'Případy 1. oddělení' -> 8e/5r in 9.2s
[2026-08-28T09:19:55] [1185/1990] 'Real Life (webcomic)' -> 8e/6r in 8.7s
[2026-08-28T09:20:05] [1186/1990] 'Rirura Riruha' -> 8e/5r in 9.0s
[2026-08-28T09:20:19] [1187/1990] 'REX American Resources' -> 12e/8r in 14.0s
[2026-08-28T09:20:36] [1188/1990] 'World Publishing Company' -> 16e/15r in 16.5s
[2026-08-28T09:20:47] [1189/1990] 'Rex-Acme' -> 9e/8r in 10.5s
[2026-08-28T09:20:58] [1190/1990] 'Forever Living Products' -> 9e/8r in 11.4s
[2026-08-28T09:21:16] [1191/1990] 'Xircom' -> 13e/12r in 17.6s
[2026-08-28T09:21:24] [1192/1990] 'Rex Maughan' -> 6e/4r in 7.2s
[2026-08-28T09:21:36] [1193/1990] 'Graco (baby products)' -> 12e/10r in 12.4s
[2026-08-28T09:21:46] [1194/1990] 'Rex Records (1912)' -> 7e/6r in 9.2s
[2026-08-28T09:21:56] [1195/1990] 'Rexist Party' -> 8e/5r in 9.5s
[2026-08-28T09:22:07] [1196/1990] 'Rex Records (1933)' -> 9e/7r in 11.1s
[2026-08-28T09:22:15] [1197/1990] 'Gluten Free Ebola' -> 6e/5r in 7.6s
[2026-08-28T09:22:29] [1198/1990] '66th Division (Imperial Japanese Army)' -> 10e/9r in 13.6s
[2026-08-28T09:22:41] [1199/1990] 'Take My Wife (Family Guy)' -> 11e/10r in 11.4s
[2026-08-28T09:22:54] [1200/1990] '249th (Saskatchewan) Battalion, CEF' -> 9e/7r in 12.8s
[2026-08-28T09:23:05] [1201/1990] '249th Airlift Squadron' -> 7e/6r in 11.0s
[2026-08-28T09:23:15] [1202/1990] 'The Simpsons (season 12)' -> 9e/7r in 9.8s
[2026-08-28T09:23:31] [1203/1990] 'Treehouse of Horror XI' -> 14e/13r in 15.7s
[2026-08-28T09:23:41] [1204/1990] 'The Simpsons 138th Episode Spectacular' -> 7e/6r in 9.2s
[2026-08-28T09:23:54] [1205/1990] 'LOTUS (Supernatural)' -> 12e/11r in 13.0s
[2026-08-28T09:24:09] [1206/1990] '249th Rifle Division (Soviet Union)' -> 12e/9r in 14.6s
[2026-08-28T09:24:25] [1207/1990] '34th Street (IRT Ninth Avenue Line)' -> 13e/11r in 15.7s
[2026-08-28T09:24:38] [1208/1990] 'Abraham M. Radcliffe' -> 14e/8r in 13.3s
[2026-08-28T09:24:55] [1209/1990] 'Petroleum Building (Midland)' -> 15e/13r in 16.0s
[2026-08-28T09:25:07] [1210/1990] 'Westchester Avenue (NYW&amp;B station)' -> 9e/9r in 11.5s
[2026-08-28T09:25:14] [1211/1990] '1 New York Plaza' -> 5e/4r in 7.0s
[2026-08-28T09:25:21] [1212/1990] 'F. W. Woolworth Building (Watertown, New York)' -> 5e/3r in 6.9s
[2026-08-28T09:25:36] [1213/1990] '90 West Street' -> 12e/12r in 15.0s
[2026-08-28T09:25:49] [1214/1990] 'Transportation Building' -> 11e/10r in 12.1s
[2026-08-28T09:26:06] [1215/1990] 'Woolworth Building' -> 15e/11r in 16.8s
[2026-08-28T09:26:27] [1216/1990] 'Rubin Schron' -> 17e/16r in 20.7s
[2026-08-28T09:26:27] [GPU GUARD] paused at 79C (threshold 79C)
[2026-08-28T09:27:38] [GPU GUARD] resumed at 55C
[2026-08-28T09:27:46] [1217/1990] 'IF Performance Hall' -> 7e/5r in 8.4s
[2026-08-28T09:27:55] [1218/1990] 'Fillmore Auditorium (Denver)' -> 7e/5r in 8.3s
[2026-08-28T09:28:07] [1219/1990] 'The Westcott Theater' -> 10e/9r in 12.0s
[2026-08-28T09:28:22] [1220/1990] 'Jannus Live' -> 12e/11r in 14.2s
[2026-08-28T09:28:38] [1221/1990] 'Libuše (opera)' -> 14e/12r in 16.0s
[2026-08-28T09:28:48] [1222/1990] 'Carnegie Hall' -> 8e/7r in 10.0s
[2026-08-28T09:28:56] [1223/1990] 'Express Live!' -> 6e/5r in 7.3s
[2026-08-28T09:29:17] [1224/1990] 'De Materie' -> 17e/16r in 20.5s
[2026-08-28T09:29:25] [1225/1990] 'Gürzenich Orchestra Cologne' -> 6e/5r in 8.1s
[2026-08-28T09:29:38] [1226/1990] 'Recher Theatre' -> 11e/9r in 13.2s
[2026-08-28T09:29:45] [1227/1990] 'Ylem' -> 4e/3r in 6.2s
[2026-08-28T09:30:02] [1228/1990] 'George Gamow' -> 15e/12r in 16.3s
[2026-08-28T09:30:18] [1229/1990] 'Edward Teller' -> 18e/14r in 16.5s
[2026-08-28T09:30:28] [1230/1990] 'Kate Gordon (energy analyst)' -> 8e/7r in 9.4s
[2026-08-28T09:30:51] [1231/1990] 'Gilman Paper Company' -> 20e/16r in 22.4s
[2026-08-28T09:30:58] [1232/1990] 'Bethe–Salpeter equation' -> 5e/4r in 7.4s
[2026-08-28T09:31:08] [1233/1990] 'Alpher–Bethe–Gamow paper' -> 8e/6r in 9.5s
[2026-08-28T09:31:41] [1234/1990] 'N. J. Rao' -> 27e/26r in 32.6s
[2026-08-28T09:31:50] [1235/1990] 'Semi-empirical mass formula' -> 8e/3r in 8.6s
[2026-08-28T09:32:09] [1236/1990] 'Berkeley High Jacket' -> 17e/14r in 19.2s
[2026-08-28T09:32:19] [1237/1990] 'Mr. Nepal' -> 8e/6r in 9.3s
[2026-08-28T09:32:34] [1238/1990] 'Miss Nepal 2010' -> 13e/10r in 14.5s
[2026-08-28T09:32:50] [1239/1990] 'Miss Nepal 2015' -> 13e/10r in 16.0s
[2026-08-28T09:33:03] [1240/1990] 'Miss Nepal 2014' -> 10e/8r in 12.4s
[2026-08-28T09:33:15] [1241/1990] '2015 Nepal Premier League' -> 10e/8r in 11.5s
[2026-08-28T09:33:33] [1242/1990] 'Miss Nepal 2013' -> 16e/10r in 17.7s
[2026-08-28T09:33:45] [1243/1990] 'Miss Nepal 2012' -> 10e/8r in 12.0s
[2026-08-28T09:33:52] [1244/1990] '1984 South Asian Games' -> 5e/3r in 6.6s
[2026-08-28T09:34:06] [1245/1990] 'Bhadrabas' -> 9e/10r in 13.3s
[2026-08-28T09:34:21] [1246/1990] 'Julian Bolling' -> 12e/11r in 14.8s
[2026-08-28T09:34:34] [1247/1990] 'Arthur Turner (footballer, born 1909)' -> 14e/11r in 13.1s
[2026-08-28T09:34:41] [1248/1990] 'Stoke City F.C.' -> 4e/3r in 6.4s
[2026-08-28T09:34:52] [1249/1990] 'Gareth Evans (footballer, born 1967)' -> 11e/9r in 11.1s
[2026-08-28T09:35:01] [1250/1990] 'Tommy Hyslop' -> 8e/5r in 8.7s
[2026-08-28T09:35:15] [1251/1990] 'Maurice Setters' -> 12e/10r in 13.9s
[2026-08-28T09:35:25] [1252/1990] 'Stoke City F.C. Under-23s and Academy' -> 6e/5r in 9.0s
[2026-08-28T09:35:39] [1253/1990] 'Eddie Niedzwiecki' -> 12e/10r in 14.5s
[2026-08-28T09:36:24] [1254/1990] 'Nike Mercurial Vapor' -> 23e/21r in 44.4s
[2026-08-28T09:36:24] [GPU GUARD] paused at 80C (threshold 79C)
[2026-08-28T09:37:40] [GPU GUARD] resumed at 55C
[2026-08-28T09:37:47] [1255/1990] 'Xherdan Shaqiri' -> 6e/3r in 6.8s
[2026-08-28T09:38:02] [1256/1990] 'Stoke City F.C. in European football' -> 12e/11r in 15.0s
[2026-08-28T09:38:11] [1257/1990] 'How Much Wood Would a Woodchuck Chuck (film)' -> 7e/4r in 8.0s
[2026-08-28T09:38:17] [1258/1990] 'Bells from the Deep' -> 4e/3r in 6.2s
[2026-08-28T09:38:33] [1259/1990] 'Requiem for a Dying Planet' -> 13e/13r in 14.9s
[2026-08-28T09:38:39] [1260/1990] 'Lucki Stipetić' -> 4e/2r in 5.7s
[2026-08-28T09:38:47] [1261/1990] 'Life After People' -> 7e/6r in 8.4s
[2026-08-28T09:38:58] [1262/1990] 'Happy People: A Year in the Taiga' -> 10e/8r in 10.7s
[2026-08-28T09:39:08] [1263/1990] 'Werner Herzog Eats His Shoe' -> 8e/6r in 9.9s
[2026-08-28T09:39:16] [1264/1990] 'La Soufrière (film)' -> 6e/5r in 7.8s
[2026-08-28T09:39:22] [1265/1990] 'Portrait Werner Herzog' -> 3e/3r in 5.5s
[2026-08-28T09:39:31] [1266/1990] 'Little Dieter Needs to Fly' -> 6e/6r in 8.4s
[2026-08-28T09:39:55] [1267/1990] 'Lisburn Distillery F.C.' -> 17e/15r in 23.3s
[2026-08-28T09:40:08] [1268/1990] 'Newington Youth F.C.' -> 15e/8r in 13.5s
[2026-08-28T09:40:14] [1269/1990] 'NIFL Premier Intermediate League' -> 3e/2r in 5.0s
[2026-08-28T09:40:19] [1270/1990] 'Northern Ireland Intermediate League' -> 4e/1r in 5.0s
[2026-08-28T09:40:28] [1271/1990] 'Sport &amp; Leisure Swifts F.C.' -> 9e/5r in 9.1s
[2026-08-28T09:40:37] [1272/1990] 'Donegal Celtic F.C.' -> 7e/6r in 8.5s
[2026-08-28T09:40:49] [1273/1990] 'Portstewart F.C.' -> 9e/8r in 11.2s
[2026-08-28T09:40:57] [1274/1990] 'Northern Ireland Football League' -> 7e/4r in 8.1s
[2026-08-28T09:41:05] [1275/1990] 'Sean Connor' -> 7e/6r in 8.0s
[2026-08-28T09:41:15] [1276/1990] 'Queen's University Belfast A.F.C.' -> 8e/6r in 9.5s
[2026-08-28T09:41:27] [1277/1990] 'American Ninja Warrior (season 2)' -> 8e/7r in 11.0s
[2026-08-28T09:41:42] [1278/1990] 'CircusTrix' -> 14e/12r in 15.5s
[2026-08-28T09:41:53] [1279/1990] 'Evan Dollard' -> 9e/8r in 10.6s
[2026-08-28T09:42:08] [1280/1990] 'American Ninja Warrior (season 4)' -> 13e/10r in 14.1s
[2026-08-28T09:42:19] [1281/1990] 'American Ninja Warrior' -> 10e/9r in 11.3s
[2026-08-28T09:42:32] [1282/1990] 'American Ninja Warrior (season 5)' -> 10e/8r in 12.1s
[2026-08-28T09:42:46] [1283/1990] 'American Ninja Warrior (season 7)' -> 10e/9r in 13.6s
[2026-08-28T09:42:53] [1284/1990] 'American Ninja Challenge' -> 7e/4r in 7.5s
[2026-08-28T09:43:03] [1285/1990] 'American Ninja Warrior (season 6)' -> 8e/6r in 9.1s
[2026-08-28T09:43:10] [1286/1990] 'Jenn Brown' -> 5e/3r in 6.5s
[2026-08-28T09:43:22] [1287/1990] 'Premenstrual water retention' -> 9e/8r in 11.6s
[2026-08-28T09:43:32] [1288/1990] 'Sundowning' -> 7e/6r in 10.3s
[2026-08-28T09:43:41] [1289/1990] 'Thunderbird (cryptozoology)' -> 6e/6r in 8.9s
[2026-08-28T09:43:49] [1290/1990] 'Patagonia picnic table effect' -> 6e/4r in 7.4s
[2026-08-28T09:43:58] [1291/1990] 'Ice-marginal lava flow' -> 6e/5r in 8.4s
[2026-08-28T09:44:05] [1292/1990] 'Separation (statistics)' -> 6e/5r in 7.1s
[2026-08-28T09:44:14] [1293/1990] 'Cold drop' -> 8e/6r in 8.9s
[2026-08-28T09:44:29] [1294/1990] 'Bridgewater Triangle' -> 13e/12r in 14.6s
[2026-08-28T09:44:38] [1295/1990] 'Bennington Triangle' -> 7e/6r in 8.7s
[2026-08-28T09:44:44] [1296/1990] 'Diffraction in time' -> 4e/3r in 5.8s
[2026-08-28T09:44:52] [1297/1990] 'Act of Congress (music group)' -> 6e/5r in 7.3s
[2026-08-28T09:45:08] [1298/1990] 'Extended Play (Pretenders EP)' -> 15e/14r in 15.5s
[2026-08-28T09:45:32] [1299/1990] 'Abstrakt Intellekt' -> 26e/17r in 23.4s
[2026-08-28T09:45:46] [1300/1990] 'Tinted Windows (album)' -> 14e/9r in 14.1s
[2026-08-28T09:45:57] [1301/1990] 'Ants Marching' -> 9e/8r in 10.7s
[2026-08-28T09:46:23] [1302/1990] 'The Delta Machine Tour' -> 24e/23r in 25.6s
[2026-08-28T09:46:36] [1303/1990] 'Grace's Debut' -> 10e/9r in 12.9s
[2026-08-28T09:46:48] [1304/1990] 'Drive By (album)' -> 11e/9r in 11.4s
[2026-08-28T09:47:01] [1305/1990] 'The Red Telephone (band)' -> 11e/9r in 12.5s
[2026-08-28T09:47:18] [1306/1990] 'Tinted Windows (band)' -> 22e/12r in 17.0s
[2026-08-28T09:47:23] [1307/1990] 'Beatties of London' -> 3e/2r in 5.1s
[2026-08-28T09:47:35] [1308/1990] 'Beatties' -> 12e/7r in 11.7s
[2026-08-28T09:47:44] [1309/1990] 'Donald Field' -> 7e/5r in 8.5s
[2026-08-28T09:47:51] [1310/1990] 'Hyundai Department Store Group' -> 5e/4r in 6.8s
[2026-08-28T09:48:07] [1311/1990] 'House of Fraser' -> 13e/12r in 14.8s
[2026-08-28T09:48:17] [1312/1990] 'Donald Swain Lewis' -> 9e/7r in 10.6s
[2026-08-28T09:48:29] [1313/1990] 'Army &amp; Navy Stores (United Kingdom)' -> 9e/8r in 10.9s
[2026-08-28T09:48:38] [1314/1990] 'Arnotts (Scotland)' -> 8e/6r in 9.1s
[2026-08-28T09:48:47] [1315/1990] 'El Corte Inglés' -> 7e/4r in 8.5s
[2026-08-28T09:49:05] [1316/1990] 'The Diamond (department store)' -> 16e/13r in 17.5s
[2026-08-28T09:49:25] [1317/1990] 'Hanneke Niens' -> 19e/16r in 20.0s
[2026-08-28T09:49:42] [1318/1990] 'Gina Pareño' -> 14e/12r in 16.7s
[2026-08-28T09:50:01] [1319/1990] 'Neva Carr Glyn' -> 16e/15r in 18.2s
[2026-08-28T09:50:09] [1320/1990] 'Dogwoman' -> 7e/6r in 8.5s
[2026-08-28T09:50:17] [1321/1990] 'Izara Aishah' -> 5e/4r in 7.3s
[2026-08-28T09:50:23] [1322/1990] 'Magda Szubanski' -> 3e/2r in 5.2s
[2026-08-28T09:50:41] [1323/1990] 'Tiz Zaqyah' -> 17e/16r in 17.8s
[2026-08-28T09:50:51] [1324/1990] 'Mariko Shiga' -> 9e/7r in 10.2s
[2026-08-28T09:51:03] [1325/1990] 'Maggie Moore' -> 8e/9r in 11.7s
[2026-08-28T09:51:12] [1326/1990] 'Jennifer Jayne' -> 7e/6r in 8.0s
[2026-08-28T09:51:20] [1327/1990] 'Ginger Zee' -> 6e/5r in 8.0s
[2026-08-28T09:51:38] [1328/1990] 'Satrangi Sasural' -> 16e/13r in 17.8s
[2026-08-28T09:51:48] [1329/1990] 'Gurdeep Kohli' -> 7e/6r in 9.4s
[2026-08-28T09:51:59] [1330/1990] 'Zee Variasi' -> 8e/7r in 10.7s
[2026-08-28T09:52:06] [1331/1990] 'Rob Marciano' -> 6e/4r in 7.3s
[2026-08-28T09:52:16] [1332/1990] 'Kait Parker' -> 8e/7r in 9.0s
[2026-08-28T09:52:26] [1333/1990] 'Bin Kuch Kahe' -> 9e/6r in 9.6s
[2026-08-28T09:52:40] [1334/1990] 'Pedram Javaheri' -> 14e/9r in 13.9s
[2026-08-28T09:53:09] [1335/1990] 'Atlanta Braves Radio Network' -> 27e/25r in 28.9s
[2026-08-28T09:53:17] [1336/1990] 'Bob Ryan (meteorologist)' -> 6e/5r in 7.7s
[2026-08-28T09:53:25] [1337/1990] 'Ancient Egyptian religion' -> 6e/5r in 7.7s
[2026-08-28T09:53:34] [1338/1990] 'Hatmehit' -> 5e/6r in 7.9s
[2026-08-28T09:53:42] [1339/1990] 'Ra' -> 9e/4r in 8.1s
[2026-08-28T09:53:55] [1340/1990] 'Neo Geo Cup '98: The Road to the Victory' -> 12e/8r in 12.9s
[2026-08-28T09:54:11] [1341/1990] 'Osiris myth' -> 8e/17r in 14.9s
[2026-08-28T09:54:20] [1342/1990] 'Ancient Egyptian offering formula' -> 7e/6r in 9.1s
[2026-08-28T09:54:33] [1343/1990] 'Pyramid Texts' -> 11e/10r in 13.1s
[2026-08-28T09:54:45] [1344/1990] 'Damnation' -> 12e/7r in 11.5s
[2026-08-28T09:54:57] [1345/1990] 'Traditional Berber religion' -> 9e/8r in 11.3s
[2026-08-28T09:55:05] [1346/1990] 'Ancient Egyptian deities' -> 6e/5r in 7.9s
[2026-08-28T09:55:22] [1347/1990] 'Bancroft Shed' -> 14e/15r in 16.8s
[2026-08-28T09:55:36] [1348/1990] 'Tosside' -> 11e/10r in 13.1s
[2026-08-28T09:55:53] [1349/1990] 'Paythorne' -> 17e/14r in 17.5s
[2026-08-28T09:56:08] [1350/1990] 'Kirk Deighton' -> 11e/11r in 13.9s
[2026-08-28T09:56:18] [1351/1990] 'Barnoldswick' -> 9e/7r in 10.3s
[2026-08-28T09:56:33] [1352/1990] 'Hopperton' -> 16e/9r in 14.3s
[2026-08-28T09:56:42] [1353/1990] 'Great Stone of Fourstones' -> 8e/6r in 9.2s
[2026-08-28T09:57:02] [1354/1990] 'Anglican Diocese of Leeds' -> 15e/18r in 18.9s
[2026-08-28T09:57:10] [1355/1990] 'John Ramsbottom (engineer)' -> 7e/6r in 8.3s
[2026-08-28T09:57:21] [1356/1990] 'Whernside' -> 9e/8r in 10.4s
[2026-08-28T09:57:26] [1357/1990] 'Prodigal Daughter (Star Trek: Deep Space Nine)' -> 3e/2r in 5.0s
[2026-08-28T09:57:38] [1358/1990] 'The Prodigal Daughter' -> 9e/7r in 11.2s
[2026-08-28T09:57:43] [1359/1990] 'The Prodigal Judge' -> 3e/2r in 4.6s
[2026-08-28T09:58:04] [1360/1990] 'The History of Rock' -> 19e/18r in 20.9s
[2026-08-28T09:58:11] [1361/1990] 'Michèle Roberts' -> 6e/5r in 7.0s
[2026-08-28T09:58:19] [1362/1990] 'Lawrence Holofcener' -> 5e/4r in 7.3s
[2026-08-28T09:58:32] [1363/1990] 'What's So Amazing About Grace?' -> 11e/10r in 12.6s
[2026-08-28T09:58:44] [1364/1990] 'Eloy Urroz' -> 8e/12r in 12.1s
[2026-08-28T09:58:50] [1365/1990] 'Jeffrey Archer' -> 3e/2r in 5.1s
[2026-08-28T09:59:00] [1366/1990] 'Ezekiel 16' -> 7e/6r in 9.6s
[2026-08-28T09:59:10] [1367/1990] 'Virginia State Route 160' -> 8e/7r in 10.4s
[2026-08-28T09:59:20] [1368/1990] 'Alabama State Route 160' -> 8e/5r in 9.6s
[2026-08-28T09:59:30] [1369/1990] 'Washington State Route 160' -> 11e/4r in 9.5s
[2026-08-28T09:59:39] [1370/1990] 'Maine State Route 160' -> 8e/5r in 8.8s
[2026-08-28T09:59:49] [1371/1990] 'California State Route 104' -> 10e/5r in 9.6s
[2026-08-28T09:59:57] [1372/1990] 'Arizona State Route 564' -> 6e/4r in 7.6s
[2026-08-28T10:00:09] [1373/1990] 'Ohio State Route 160' -> 10e/9r in 11.4s
[2026-08-28T10:00:17] [1374/1990] 'California State Route 220' -> 7e/5r in 8.2s
[2026-08-28T10:00:32] [1375/1990] 'Kentucky Route 160' -> 23e/7r in 14.1s
[2026-08-28T10:00:43] [1376/1990] 'Black Mountain (Kentucky)' -> 9e/8r in 10.6s
[2026-08-28T10:00:53] [1377/1990] 'List of alcoholic drinks' -> 9e/8r in 10.0s
[2026-08-28T10:01:09] [1378/1990] 'Arak (drink)' -> 14e/12r in 16.1s
[2026-08-28T10:01:17] [1379/1990] 'Marskin ryyppy' -> 6e/3r in 7.0s
[2026-08-28T10:01:29] [1380/1990] 'Zurracapote' -> 10e/10r in 11.7s
[2026-08-28T10:01:40] [1381/1990] 'Cundill Prize' -> 9e/7r in 11.0s
[2026-08-28T10:01:50] [1382/1990] 'Quintessentially Unreal' -> 8e/7r in 9.2s
[2026-08-28T10:01:58] [1383/1990] 'Caffeinated alcoholic drink' -> 8e/5r in 8.0s
[2026-08-28T10:02:12] [1384/1990] 'Rakı' -> 13e/12r in 13.9s
[2026-08-28T10:02:29] [1385/1990] 'Tempore' -> 12e/12r in 16.8s
[2026-08-28T10:02:39] [1386/1990] 'Absinthe' -> 8e/6r in 9.8s
[2026-08-28T10:02:59] [1387/1990] 'Gary Bleasdale' -> 18e/12r in 18.7s
[2026-08-28T10:03:20] [1388/1990] 'Arthur Max' -> 21e/18r in 21.3s
[2026-08-28T10:03:33] [1389/1990] 'List of Alyas Robin Hood episodes' -> 11e/10r in 12.2s
[2026-08-28T10:03:43] [1390/1990] 'Tom Ellis (actor)' -> 10e/7r in 9.7s
[2026-08-28T10:03:54] [1391/1990] 'Robin Hood (Once Upon a Time)' -> 8e/8r in 10.9s
[2026-08-28T10:04:11] [1392/1990] 'List of Alyas Robin Hood characters' -> 15e/13r in 16.7s
[2026-08-28T10:04:26] [1393/1990] 'Alyas Robin Hood' -> 12e/10r in 14.6s
[2026-08-28T10:04:55] [1394/1990] 'Broadway Rose Theatre Company' -> 18e/23r in 28.5s
[2026-08-28T10:05:12] [1395/1990] 'Destined to be Yours' -> 15e/14r in 16.7s
[2026-08-28T10:05:22] [1396/1990] 'Alan Wheatley' -> 7e/6r in 9.6s
[2026-08-28T10:05:40] [1397/1990] 'Honda B engine' -> 11e/12r in 17.9s
[2026-08-28T10:05:40] [GPU GUARD] paused at 79C (threshold 79C)
[2026-08-28T10:06:56] [GPU GUARD] resumed at 55C
[2026-08-28T10:07:03] [1398/1990] 'Toyota E engine' -> 5e/4r in 7.1s
[2026-08-28T10:07:19] [1399/1990] 'Honda K engine' -> 12e/11r in 14.9s
[2026-08-28T10:07:37] [1400/1990] 'CVCC' -> 17e/13r in 17.8s
[2026-08-28T10:07:50] [1401/1990] 'Honda Mobilio' -> 14e/11r in 13.5s
[2026-08-28T10:08:01] [1402/1990] 'Honda H Engine' -> 7e/6r in 9.7s
[2026-08-28T10:08:21] [1403/1990] 'Honda Capa' -> 17e/17r in 20.0s
[2026-08-28T10:08:32] [1404/1990] 'Honda B20A engine' -> 9e/8r in 10.4s
[2026-08-28T10:08:55] [1405/1990] 'Honda Rafaga' -> 20e/21r in 23.3s
[2026-08-28T10:09:04] [1406/1990] 'Honda CLR' -> 6e/6r in 8.8s
[2026-08-28T10:09:23] [1407/1990] 'Zack Norman' -> 14e/15r in 18.1s
[2026-08-28T10:09:29] [1408/1990] 'Paramount Vantage' -> 4e/3r in 5.6s
[2026-08-28T10:09:45] [1409/1990] 'Beneath (2007 film)' -> 20e/11r in 16.2s
[2026-08-28T10:09:57] [1410/1990] 'Asylum (2005 film)' -> 12e/10r in 11.8s
[2026-08-28T10:10:07] [1411/1990] 'MTV Films' -> 9e/7r in 9.7s
[2026-08-28T10:10:16] [1412/1990] 'What's Wrong with Angry?' -> 8e/6r in 8.5s
[2026-08-28T10:10:30] [1413/1990] 'Shine a Light (film)' -> 12e/11r in 12.9s
[2026-08-28T10:10:44] [1414/1990] 'Hustle &amp; Flow' -> 13e/13r in 14.0s
[2026-08-28T10:10:54] [1415/1990] 'Paramount Famous Productions' -> 7e/7r in 10.1s
[2026-08-28T10:11:04] [1416/1990] 'Jackass: The Movie' -> 8e/6r in 9.2s
[2026-08-28T10:11:12] [1417/1990] 'A-ration' -> 5e/4r in 7.3s
[2026-08-28T10:11:25] [1418/1990] 'Geoff Beattie' -> 13e/10r in 13.0s
[2026-08-28T10:11:38] [1419/1990] 'University station (CTA)' -> 11e/10r in 12.7s
[2026-08-28T10:11:54] [1420/1990] 'Beurre Maître d'Hôtel' -> 16e/14r in 15.6s
[2026-08-28T10:12:03] [1421/1990] 'Pub cheese' -> 7e/6r in 8.4s
[2026-08-28T10:12:17] [1422/1990] 'Hawaiian Cottage' -> 13e/10r in 14.5s
[2026-08-28T10:12:28] [1423/1990] 'Elio Leoni Sceti' -> 7e/6r in 10.2s
[2026-08-28T10:12:40] [1424/1990] 'Dick W. Emuchay' -> 12e/5r in 11.6s
[2026-08-28T10:12:54] [1425/1990] 'Raw bar' -> 14e/13r in 14.2s
[2026-08-28T10:13:09] [1426/1990] 'Luau' -> 15e/14r in 14.5s
[2026-08-28T10:13:21] [1427/1990] '2004 South Carolina Gamecocks football team' -> 8e/6r in 11.2s
[2026-08-28T10:13:40] [1428/1990] '2010 South Carolina Gamecocks football team' -> 13e/11r in 18.6s
[2026-08-28T10:13:53] [1429/1990] '2005 South Carolina Gamecocks football team' -> 8e/7r in 12.3s
[2026-08-28T10:14:03] [1430/1990] '1989 South Carolina Gamecocks football team' -> 7e/6r in 10.2s
[2026-08-28T10:14:15] [1431/1990] '2007 South Carolina Gamecocks football team' -> 8e/6r in 11.6s
[2026-08-28T10:14:35] [1432/1990] '2015 South Carolina Gamecocks football team' -> 13e/13r in 19.1s
[2026-08-28T10:14:47] [1433/1990] '1998 South Carolina Gamecocks football team' -> 10e/5r in 12.0s
[2026-08-28T10:14:57] [1434/1990] 'Steve Spurrier' -> 9e/7r in 10.1s
[2026-08-28T10:15:16] [1435/1990] '1992 South Carolina Gamecocks football team' -> 12e/12r in 18.1s
[2026-08-28T10:15:16] [GPU GUARD] paused at 79C (threshold 79C)
[2026-08-28T10:16:27] [GPU GUARD] resumed at 55C
[2026-08-28T10:16:36] [1436/1990] '2006 South Carolina Gamecocks football team' -> 7e/4r in 9.1s
[2026-08-28T10:16:43] [1437/1990] 'Texas Longhorns men's basketball' -> 4e/3r in 6.5s
[2026-08-28T10:16:56] [1438/1990] 'Big 12 Conference football' -> 9e/9r in 13.1s
[2026-08-28T10:17:08] [1439/1990] 'Big 12 Conference Softball Tournament' -> 10e/7r in 11.2s
[2026-08-28T10:17:18] [1440/1990] 'Travis Mays' -> 9e/6r in 10.3s
[2026-08-28T10:17:30] [1441/1990] 'Big 12 Conference men's basketball' -> 8e/7r in 10.8s
[2026-08-28T10:17:43] [1442/1990] '2012–13 TCU Horned Frogs men's basketball team' -> 8e/6r in 13.3s
[2026-08-28T10:17:55] [1443/1990] '2016 Big 12 Conference football season' -> 8e/7r in 11.2s
[2026-08-28T10:18:10] [1444/1990] 'Nebraska–Oklahoma football rivalry' -> 14e/9r in 15.3s
[2026-08-28T10:18:29] [1445/1990] '2015–16 Big 12 Conference men's basketball season' -> 15e/12r in 17.8s
[2026-08-28T10:18:52] [1446/1990] 'TCU Diamond' -> 25e/16r in 23.4s
[2026-08-28T10:19:10] [1447/1990] 'Mel Gibson filmography' -> 18e/16r in 17.5s
[2026-08-28T10:19:16] [1448/1990] 'Naked Gun 33⅓: The Final Insult' -> 4e/3r in 5.8s
[2026-08-28T10:19:22] [1449/1990] 'Langto' -> 3e/2r in 5.0s
[2026-08-28T10:19:35] [1450/1990] 'American Pie Presents: The Naked Mile' -> 13e/11r in 13.3s
[2026-08-28T10:19:43] [1451/1990] 'Nat and Alex Wolff' -> 6e/5r in 7.7s
[2026-08-28T10:19:54] [1452/1990] 'Mario Gaoa' -> 8e/8r in 10.5s
[2026-08-28T10:20:03] [1453/1990] 'Naked Weapon' -> 8e/6r in 8.3s
[2026-08-28T10:20:11] [1454/1990] 'Naked Soldier' -> 8e/5r in 8.3s
[2026-08-28T10:20:26] [1455/1990] 'The Naked Gun 2½: The Smell of Fear' -> 12e/11r in 14.0s
[2026-08-28T10:20:36] [1456/1990] 'Naked City (TV series)' -> 9e/8r in 9.9s
[2026-08-28T10:20:41] [1457/1990] 'Equus (play)' -> 3e/2r in 4.9s
[2026-08-28T10:20:49] [1458/1990] 'Lettice and Lovage' -> 8e/3r in 8.0s
[2026-08-28T10:20:56] [1459/1990] 'The Pad and How to Use It' -> 4e/3r in 5.8s
[2026-08-28T10:21:07] [1460/1990] 'The Royal Hunt of the Sun (film)' -> 10e/9r in 11.3s
[2026-08-28T10:21:12] [1461/1990] 'Amadeus (disambiguation)' -> 3e/2r in 4.8s
[2026-08-28T10:21:19] [1462/1990] 'Doris Abrahams' -> 6e/3r in 6.5s
[2026-08-28T10:21:33] [1463/1990] 'Equus (film)' -> 15e/13r in 13.7s
[2026-08-28T10:21:43] [1464/1990] 'Amadeus' -> 8e/6r in 9.6s
[2026-08-28T10:21:55] [1465/1990] 'Withered Murder' -> 9e/8r in 11.0s
[2026-08-28T10:22:08] [1466/1990] 'David Hersey' -> 11e/9r in 13.3s
[2026-08-28T10:22:25] [1467/1990] 'P3 Mk2 mine' -> 15e/14r in 16.9s
[2026-08-28T10:22:33] [1468/1990] 'N.W.T. Mining Heritage Society' -> 6e/3r in 7.6s
[2026-08-28T10:22:43] [1469/1990] 'Cascadero Falls' -> 10e/4r in 9.2s
[2026-08-28T10:22:55] [1470/1990] 'National Mine Map Repository' -> 9e/8r in 11.6s
[2026-08-28T10:23:05] [1471/1990] 'Dondero High School' -> 8e/6r in 9.5s
[2026-08-28T10:23:24] [1472/1990] 'Colomac Mine' -> 12e/15r in 19.1s
[2026-08-28T10:23:30] [1473/1990] 'Royal Oak Neighborhood Schools' -> 6e/1r in 5.7s
[2026-08-28T10:23:41] [1474/1990] 'Kemess Mine' -> 11e/5r in 10.6s
[2026-08-28T10:24:01] [1475/1990] 'Thutade Lake' -> 17e/16r in 19.8s
[2026-08-28T10:24:08] [1476/1990] 'Colomac Airport' -> 5e/3r in 6.8s
[2026-08-28T10:24:14] [1477/1990] 'Return to Snowy River' -> 3e/2r in 4.9s
[2026-08-28T10:24:24] [1478/1990] 'Miracle of the White Stallions' -> 11e/6r in 9.9s
[2026-08-28T10:24:32] [1479/1990] 'Philip Abbott' -> 5e/4r in 7.5s
[2026-08-28T10:24:40] [1480/1990] 'The Man from Snowy River and Other Verses' -> 5e/5r in 8.2s
[2026-08-28T10:24:49] [1481/1990] 'The Man from Snowy River (poem)' -> 7e/5r in 8.1s
[2026-08-28T10:25:07] [1482/1990] 'Barry Way' -> 14e/13r in 17.3s
[2026-08-28T10:25:15] [1483/1990] 'The Man from Snowy River (TV series)' -> 7e/5r in 8.3s
[2026-08-28T10:25:22] [1484/1990] 'The Man from Snowy River II' -> 5e/3r in 6.7s
[2026-08-28T10:25:41] [1485/1990] 'Bruce Rowland' -> 18e/15r in 18.2s
[2026-08-28T10:25:49] [1486/1990] 'Snowy River' -> 6e/5r in 7.9s
[2026-08-28T10:26:01] [1487/1990] 'Weezer (2008 album)' -> 9e/8r in 11.3s
[2026-08-28T10:26:09] [1488/1990] 'Lush (band)' -> 7e/6r in 7.9s
[2026-08-28T10:26:25] [1489/1990] 'List of songs recorded by Tool' -> 16e/15r in 15.4s
[2026-08-28T10:26:46] [1490/1990] 'List of songs recorded by Nickelback' -> 20e/19r in 20.8s
[2026-08-28T10:26:56] [1491/1990] 'The Beatles: Rock Band' -> 8e/7r in 9.5s
[2026-08-28T10:27:03] [1492/1990] 'Liquifury' -> 6e/5r in 7.1s
[2026-08-28T10:27:22] [1493/1990] 'P.O.D.' -> 14e/17r in 18.3s
[2026-08-28T10:27:33] [1494/1990] 'Giant Target' -> 9e/9r in 11.1s
[2026-08-28T10:27:45] [1495/1990] 'Tribo de Jah' -> 11e/9r in 10.7s
[2026-08-28T10:27:57] [1496/1990] 'The Chemistry Set (American band)' -> 11e/11r in 11.9s
[2026-08-28T10:28:19] [1497/1990] 'Jennifer Ventimilia' -> 23e/18r in 21.4s
[2026-08-28T10:28:27] [1498/1990] 'Christopher Rich (actor)' -> 7e/6r in 7.7s
[2026-08-28T10:28:38] [1499/1990] 'Doug Dale' -> 13e/7r in 11.4s
[2026-08-28T10:28:52] [1500/1990] 'Johnny Brown (actor)' -> 12e/11r in 13.0s
[2026-08-28T10:29:06] [1501/1990] 'The Middle (TV series)' -> 15e/13r in 14.2s
[2026-08-28T10:29:25] [1502/1990] 'Reba (season 1)' -> 18e/17r in 18.7s
[2026-08-28T10:29:38] [1503/1990] 'The Oldest Man (character)' -> 9e/9r in 12.2s
[2026-08-28T10:29:55] [1504/1990] 'Jay Thomas' -> 13e/12r in 17.1s
[2026-08-28T10:29:55] [GPU GUARD] paused at 79C (threshold 79C)
[2026-08-28T10:31:06] [GPU GUARD] resumed at 55C
[2026-08-28T10:31:15] [1505/1990] 'Grizz Chapman' -> 8e/4r in 8.2s
[2026-08-28T10:31:34] [1506/1990] 'Jason Morgan (General Hospital)' -> 18e/17r in 18.7s
[2026-08-28T10:31:42] [1507/1990] 'Alinta Energy' -> 5e/4r in 7.5s
[2026-08-28T10:31:55] [1508/1990] 'Playford A Power Station' -> 10e/9r in 13.1s
[2026-08-28T10:32:06] [1509/1990] 'Pembroke Power Station' -> 9e/5r in 10.5s
[2026-08-28T10:32:21] [1510/1990] 'Ironbridge power stations' -> 12e/11r in 14.3s
[2026-08-28T10:32:34] [1511/1990] 'Rugeley power stations' -> 12e/7r in 13.3s
[2026-08-28T10:32:47] [1512/1990] 'Blyth Power Station' -> 11e/7r in 12.6s
[2026-08-28T10:32:56] [1513/1990] 'Kosovo A Power Station' -> 6e/4r in 8.2s
[2026-08-28T10:33:10] [1514/1990] 'Playford B Power Station' -> 11e/11r in 13.4s
[2026-08-28T10:33:21] [1515/1990] 'Curlew Island (South Australia)' -> 8e/8r in 11.1s
[2026-08-28T10:33:36] [1516/1990] 'Dunston Power Station' -> 12e/10r in 14.2s
[2026-08-28T10:33:49] [1517/1990] 'Stalin (1992 film)' -> 12e/11r in 12.6s
[2026-08-28T10:33:59] [1518/1990] 'Streak (film)' -> 10e/7r in 9.6s
[2026-08-28T10:34:09] [1519/1990] 'The Scarlet Letter (1995 film)' -> 9e/8r in 10.2s
[2026-08-28T10:34:25] [1520/1990] 'The Bridges of Madison County (film)' -> 16e/12r in 15.1s
[2026-08-28T10:34:32] [1521/1990] 'Passion of Mind' -> 6e/5r in 7.5s
[2026-08-28T10:35:02] [1522/1990] 'Robert Duvall filmography' -> 31e/28r in 28.7s
[2026-08-28T10:35:14] [1523/1990] 'Wild Horses (2015 film)' -> 11e/10r in 11.7s
[2026-08-28T10:35:19] [1524/1990] 'Gary Oldman' -> 4e/2r in 5.4s
[2026-08-28T10:35:29] [1525/1990] 'The Scarlet Letter (1922 film)' -> 8e/7r in 9.2s
[2026-08-28T10:35:41] [1526/1990] 'Phenomenon (film)' -> 11e/10r in 12.0s
[2026-08-28T10:35:51] [1527/1990] '1986 Swedish Open' -> 7e/6r in 8.9s
[2026-08-28T10:36:02] [1528/1990] '1988 US Open – Men's Doubles' -> 9e/8r in 11.2s
[2026-08-28T10:36:17] [1529/1990] '1991 ATP German Open – Doubles' -> 11e/9r in 13.9s
[2026-08-28T10:36:24] [1530/1990] 'Andrei Olhovskiy' -> 6e/3r in 7.4s
[2026-08-28T10:36:34] [1531/1990] 'Orlando Sánchez (basketball)' -> 8e/5r in 9.4s
[2026-08-28T10:36:48] [1532/1990] '1990 ATP Tour World Championships – Doubles' -> 8e/11r in 13.4s
[2026-08-28T10:37:02] [1533/1990] '1990 Estoril Open' -> 13e/8r in 13.9s
[2026-08-28T10:37:14] [1534/1990] '1991 Torneo Godó' -> 9e/8r in 11.1s
[2026-08-28T10:37:21] [1535/1990] 'Andrei Pavel' -> 5e/4r in 6.7s
[2026-08-28T10:37:34] [1536/1990] 'Emilio Sánchez' -> 9e/9r in 12.7s
[2026-08-28T10:37:44] [1537/1990] 'Bolton Field' -> 9e/5r in 9.6s
[2026-08-28T10:37:55] [1538/1990] 'Henderson Executive Airport' -> 10e/7r in 10.6s
[2026-08-28T10:38:06] [1539/1990] 'McCarran International Airport' -> 11e/6r in 10.4s
[2026-08-28T10:38:14] [1540/1990] 'Toledo Executive Airport' -> 9e/4r in 8.1s
[2026-08-28T10:38:24] [1541/1990] 'Hayward Executive Airport' -> 9e/7r in 9.9s
[2026-08-28T10:38:33] [1542/1990] 'Miami-Opa Locka Executive Airport' -> 6e/4r in 8.1s
[2026-08-28T10:38:43] [1543/1990] 'Raleigh Executive Jetport' -> 8e/7r in 10.3s
[2026-08-28T10:38:52] [1544/1990] 'Air Vegas' -> 7e/5r in 8.4s
[2026-08-28T10:39:06] [1545/1990] 'Indianapolis Executive Airport' -> 14e/9r in 13.3s
[2026-08-28T10:39:15] [1546/1990] 'Dallas Executive Airport' -> 8e/3r in 8.4s
[2026-08-28T10:39:31] [1547/1990] 'Lewistown, Pennsylvania' -> 18e/10r in 16.3s
[2026-08-28T10:39:41] [1548/1990] 'Biloxi, Mississippi' -> 8e/5r in 9.0s
[2026-08-28T10:39:50] [1549/1990] 'Henderson, Texas' -> 8e/6r in 8.9s
[2026-08-28T10:40:01] [1550/1990] 'Henderson County, Kentucky' -> 8e/7r in 10.5s
[2026-08-28T10:40:11] [1551/1990] 'McIntosh County Seat War' -> 8e/8r in 10.3s
[2026-08-28T10:40:19] [1552/1990] 'Paulding, Mississippi' -> 6e/5r in 7.2s
[2026-08-28T10:40:30] [1553/1990] 'Hendersonville, North Carolina' -> 7e/8r in 10.7s
[2026-08-28T10:40:41] [1554/1990] 'Union Township, Clinton County, Ohio' -> 9e/7r in 10.6s
[2026-08-28T10:41:07] [1555/1990] 'Jasper County Community Unit School District 1' -> 20e/25r in 25.7s
[2026-08-28T10:41:15] [1556/1990] 'Henderson Point, Mississippi' -> 6e/4r in 7.8s
[2026-08-28T10:41:25] [1557/1990] 'List of awards and nominations received by Fargo' -> 17e/2r in 9.6s
[2026-08-28T10:41:50] [1558/1990] 'The Leftovers (TV series)' -> 22e/21r in 24.0s
[2026-08-28T10:41:59] [1559/1990] 'Ralph A. Vaughn' -> 8e/7r in 9.4s
[2026-08-28T10:42:09] [1560/1990] 'The Keeping Hours' -> 8e/7r in 9.0s
[2026-08-28T10:42:20] [1561/1990] 'Gone Girl (film)' -> 11e/8r in 10.4s
[2026-08-28T10:42:34] [1562/1990] 'Carrie Coon' -> 9e/8r in 13.6s
[2026-08-28T10:42:43] [1563/1990] 'In Love and War (1958 film)' -> 8e/7r in 8.8s
[2026-08-28T10:42:50] [1564/1990] 'Gloria Burgle' -> 4e/3r in 6.4s
[2026-08-28T10:43:04] [1565/1990] 'St. Paul Subdivision' -> 15e/10r in 14.5s
[2026-08-28T10:43:20] [1566/1990] 'List of The Leftovers episodes' -> 14e/13r in 15.3s
[2026-08-28T10:43:40] [1567/1990] 'Lego Spider-Man' -> 14e/19r in 19.3s
[2026-08-28T10:43:50] [1568/1990] 'Spider-Man in film' -> 8e/7r in 9.9s
[2026-08-28T10:44:05] [1569/1990] 'Spider-Man 2' -> 14e/12r in 14.6s
[2026-08-28T10:44:23] [1570/1990] 'The Amazing Spider-Man (2012 film)' -> 18e/17r in 17.9s
[2026-08-28T10:44:32] [1571/1990] 'Spider-Man (pinball)' -> 7e/5r in 8.5s
[2026-08-28T10:44:52] [1572/1990] 'Spider-Man (2002 video game)' -> 16e/15r in 19.2s
[2026-08-28T10:45:14] [1573/1990] 'The Amazing Spider-Man 2' -> 19e/18r in 21.7s
[2026-08-28T10:45:38] [1574/1990] 'Spider-Man 3' -> 23e/22r in 23.3s
[2026-08-28T10:45:38] [GPU GUARD] paused at 80C (threshold 79C)
[2026-08-28T10:46:54] [GPU GUARD] resumed at 55C
[2026-08-28T10:47:06] [1575/1990] 'Spider-Man: The New Animated Series' -> 11e/8r in 12.0s
[2026-08-28T10:47:28] [1576/1990] 'Spider-Man: Homecoming' -> 23e/22r in 21.6s
[2026-08-28T10:47:35] [1577/1990] 'Scaevola coriacea' -> 5e/4r in 6.9s
[2026-08-28T10:47:50] [1578/1990] 'Scaevola oxyclona' -> 12e/10r in 14.3s
[2026-08-28T10:48:03] [1579/1990] 'Scaevola albida' -> 11e/10r in 12.9s
[2026-08-28T10:48:29] [1580/1990] 'Scaevola hookeri' -> 23e/21r in 25.8s
[2026-08-28T10:48:38] [1581/1990] 'Scaevola (plant)' -> 6e/6r in 8.6s
[2026-08-28T10:48:47] [1582/1990] 'Goodeniaceae' -> 7e/5r in 7.9s
[2026-08-28T10:48:51] [1583/1990] 'Sonerila janakiana' -> 2e/1r in 4.1s
[2026-08-28T10:49:08] [1584/1990] 'Sesbania tomentosa' -> 18e/11r in 16.6s
[2026-08-28T10:49:12] [1585/1990] 'List of Scaevola species' -> 2e/1r in 4.0s
[2026-08-28T10:49:21] [1586/1990] 'Sonerila' -> 6e/5r in 7.9s
[2026-08-28T10:49:30] [1587/1990] 'Ecological Intervention' -> 7e/6r in 8.5s
[2026-08-28T10:49:43] [1588/1990] 'François Hollande presidential campaign, 2012' -> 11e/8r in 12.7s
[2026-08-28T10:49:52] [1589/1990] 'Syriza' -> 7e/6r in 9.5s
[2026-08-28T10:50:03] [1590/1990] 'Cabinet of Deuntzer' -> 8e/5r in 10.0s
[2026-08-28T10:50:13] [1591/1990] 'Johan Henrik Deuntzer' -> 8e/7r in 9.7s
[2026-08-28T10:50:24] [1592/1990] 'Political radicalism' -> 8e/7r in 11.1s
[2026-08-28T10:50:35] [1593/1990] 'Committee for a Radical Left Rally' -> 8e/6r in 10.0s
[2026-08-28T10:50:42] [1594/1990] 'Danish Social Liberal Party' -> 4e/3r in 6.5s
[2026-08-28T10:50:48] [1595/1990] 'ROZA' -> 5e/3r in 6.2s
[2026-08-28T10:50:54] [1596/1990] 'Radical Left (France)' -> 5e/2r in 5.9s
[2026-08-28T10:51:05] [1597/1990] 'Aron Ralston' -> 9e/7r in 9.9s
[2026-08-28T10:51:21] [1598/1990] 'Factories Act 1847' -> 15e/12r in 16.3s
[2026-08-28T10:51:34] [1599/1990] '127 Hours' -> 11e/9r in 11.7s
[2026-08-28T10:51:49] [1600/1990] 'Danny Boyle' -> 15e/14r in 15.0s
[2026-08-28T10:52:05] [1601/1990] 'List of accolades received by 127 Hours' -> 13e/12r in 15.6s
[2026-08-28T10:52:18] [1602/1990] 'Treehouse of Horror XXII' -> 11e/10r in 12.2s
[2026-08-28T10:52:35] [1603/1990] 'James Franco' -> 15e/13r in 16.6s
[2026-08-28T10:52:50] [1604/1990] 'Clémence Poésy' -> 13e/12r in 14.9s
[2026-08-28T10:53:04] [1605/1990] 'Swedish Work Environment Authority' -> 12e/8r in 13.4s
[2026-08-28T10:53:10] [1606/1990] 'Coal Mines Regulation Act 1908' -> 4e/3r in 6.2s
[2026-08-28T10:53:16] [1607/1990] 'The Steppe (novella)' -> 4e/3r in 5.9s
[2026-08-28T10:53:29] [1608/1990] 'Eugene O'Neill' -> 10e/9r in 12.6s
[2026-08-28T10:53:36] [1609/1990] 'Maria Chekhova' -> 5e/3r in 6.4s
[2026-08-28T10:53:44] [1610/1990] 'Uncle Vanya' -> 7e/5r in 7.7s
[2026-08-28T10:53:53] [1611/1990] 'Melikhovo' -> 6e/4r in 8.2s
[2026-08-28T10:54:06] [1612/1990] 'Jessica Chastain on screen and stage' -> 16e/9r in 12.5s
[2026-08-28T10:54:17] [1613/1990] 'Jessica Chastain' -> 9e/8r in 10.7s
[2026-08-28T10:54:27] [1614/1990] 'Kasba (film)' -> 9e/6r in 9.7s
[2026-08-28T10:54:43] [1615/1990] 'The Cherry Orchard' -> 14e/13r in 15.4s
[2026-08-28T10:54:53] [1616/1990] 'Three Sisters (play)' -> 9e/7r in 10.0s
[2026-08-28T10:55:02] [1617/1990] 'Khurram Shehzad' -> 7e/6r in 8.7s
[2026-08-28T10:55:11] [1618/1990] 'Azhar Ali' -> 9e/7r in 9.0s
[2026-08-28T10:55:24] [1619/1990] 'Lahore Lions' -> 11e/9r in 11.8s
[2026-08-28T10:55:35] [1620/1990] 'Ullevaal Stadion' -> 9e/7r in 10.5s
[2026-08-28T10:55:49] [1621/1990] 'Mohammad Naeem (cricketer, born 1991)' -> 10e/8r in 14.4s
[2026-08-28T10:56:00] [1622/1990] 'Gaddafi Stadium' -> 8e/8r in 10.3s
[2026-08-28T10:56:09] [1623/1990] 'Aamer Iqbal (cricketer, born 1990)' -> 8e/5r in 8.4s
[2026-08-28T10:56:21] [1624/1990] 'Imran Ali (cricketer, born 1985)' -> 11e/7r in 11.7s
[2026-08-28T10:56:36] [1625/1990] 'Subiaco Oval' -> 15e/11r in 14.3s
[2026-08-28T10:56:45] [1626/1990] 'Lahore Eagles' -> 8e/7r in 9.3s
[2026-08-28T10:56:58] [1627/1990] 'Archdeaconry of St Andrews' -> 10e/8r in 12.3s
[2026-08-28T10:57:06] [1628/1990] 'St Dionis Backchurch' -> 6e/5r in 8.0s
[2026-08-28T10:57:20] [1629/1990] 'Great Fire of London' -> 14e/7r in 12.9s
[2026-08-28T10:57:37] [1630/1990] 'St Mary's Church, Acton' -> 15e/11r in 16.7s
[2026-08-28T10:57:53] [1631/1990] 'Minster (church)' -> 13e/12r in 15.8s
[2026-08-28T10:58:05] [1632/1990] 'The Iron Church' -> 9e/8r in 11.9s
[2026-08-28T10:58:12] [1633/1990] 'St Dionis Mission Hall' -> 4e/3r in 6.1s
[2026-08-28T10:58:22] [1634/1990] 'List of Christopher Wren churches in London' -> 8e/7r in 9.8s
[2026-08-28T10:58:40] [1635/1990] 'Thomas Graham Jackson' -> 20e/16r in 17.9s
[2026-08-28T10:58:48] [1636/1990] 'St Dionis Vicarage' -> 5e/4r in 7.1s
[2026-08-28T10:58:57] [1637/1990] 'Lock, Stock...' -> 11e/5r in 9.1s
[2026-08-28T10:59:04] [1638/1990] 'Alan Ford (actor)' -> 5e/4r in 6.9s
[2026-08-28T10:59:14] [1639/1990] 'Vinnie Jones' -> 8e/7r in 9.2s
[2026-08-28T10:59:23] [1640/1990] 'Frank Harper' -> 6e/5r in 8.3s
[2026-08-28T10:59:35] [1641/1990] 'Del Synnott' -> 10e/8r in 11.6s
[2026-08-28T10:59:41] [1642/1990] 'Stephen Marcus' -> 5e/3r in 6.4s
[2026-08-28T10:59:57] [1643/1990] 'Dexter Fletcher' -> 15e/12r in 15.7s
[2026-08-28T11:00:05] [1644/1990] 'Steven Mackintosh' -> 5e/4r in 7.1s
[2026-08-28T11:00:14] [1645/1990] 'Nick Moran' -> 6e/5r in 8.3s
[2026-08-28T11:00:27] [1646/1990] 'Lock, Stock and Two Smoking Barrels' -> 12e/12r in 13.1s
[2026-08-28T11:00:38] [1647/1990] 'Ray Nitschke' -> 10e/7r in 10.6s
[2026-08-28T11:00:52] [1648/1990] 'Al Wilson (offensive lineman)' -> 13e/9r in 13.5s
[2026-08-28T11:01:06] [1649/1990] 'Charissa Thompson' -> 13e/11r in 13.6s
[2026-08-28T11:01:23] [1650/1990] 'Michael Strahan' -> 14e/12r in 16.3s
[2026-08-28T11:01:44] [1651/1990] 'Tamika Catchings' -> 19e/13r in 20.7s
[2026-08-28T11:01:53] [1652/1990] 'Michael Hjälm' -> 7e/5r in 9.0s
[2026-08-28T11:02:03] [1653/1990] 'Fiona Forbes' -> 8e/7r in 9.5s
[2026-08-28T11:02:12] [1654/1990] 'Curt Menefee' -> 8e/6r in 9.1s
[2026-08-28T11:02:24] [1655/1990] 'Merlin Olsen' -> 9e/9r in 11.3s
[2026-08-28T11:02:42] [1656/1990] 'Bill Freehan' -> 15e/13r in 17.2s
[2026-08-28T11:02:54] [1657/1990] 'Medicine Lake National Wildlife Refuge' -> 10e/8r in 12.2s
[2026-08-28T11:03:08] [1658/1990] 'Nantucket National Wildlife Refuge' -> 11e/10r in 13.7s
[2026-08-28T11:03:22] [1659/1990] 'Florida scrub' -> 10e/10r in 13.2s
[2026-08-28T11:03:33] [1660/1990] 'Lake Wales Ridge National Wildlife Refuge' -> 10e/8r in 10.8s
[2026-08-28T11:03:47] [1661/1990] 'Audubon National Wildlife Refuge' -> 11e/10r in 13.5s
[2026-08-28T11:04:01] [1662/1990] 'Grand Bay National Wildlife Refuge' -> 11e/11r in 13.8s
[2026-08-28T11:04:16] [1663/1990] 'Pahranagat National Wildlife Refuge' -> 11e/10r in 13.8s
[2026-08-28T11:04:28] [1664/1990] 'Desert National Wildlife Refuge' -> 9e/8r in 11.9s
[2026-08-28T11:04:38] [1665/1990] 'Florida peninsula inland scrub' -> 9e/6r in 10.3s
[2026-08-28T11:04:49] [1666/1990] 'Davenport, Florida' -> 9e/8r in 10.4s
[2026-08-28T11:04:59] [1667/1990] 'Her Twelve Men' -> 8e/7r in 8.9s
[2026-08-28T11:05:07] [1668/1990] 'Fascination (1922 film)' -> 7e/5r in 8.0s
[2026-08-28T11:05:18] [1669/1990] 'The Indian Love Lyrics' -> 9e/8r in 10.5s
[2026-08-28T11:05:24] [1670/1990] 'Robert Z. Leonard' -> 3e/2r in 5.3s
[2026-08-28T11:05:33] [1671/1990] 'Broadway Rose (film)' -> 8e/7r in 8.8s
[2026-08-28T11:05:45] [1672/1990] 'The Truants (film)' -> 11e/10r in 12.0s
[2026-08-28T11:05:55] [1673/1990] 'The Cardinal (1936 film)' -> 9e/8r in 9.4s
[2026-08-28T11:06:04] [1674/1990] 'Circe, the Enchantress' -> 6e/6r in 8.3s
[2026-08-28T11:06:23] [1675/1990] 'When Ladies Meet (1941 film)' -> 19e/17r in 18.9s
[2026-08-28T11:06:34] [1676/1990] 'Sinclair Hill' -> 9e/8r in 10.3s
[2026-08-28T11:06:51] [1677/1990] 'Brookenby Church' -> 15e/14r in 17.2s
[2026-08-28T11:07:01] [1678/1990] 'Gayton le Wold' -> 8e/7r in 9.6s
[2026-08-28T11:07:11] [1679/1990] 'Normanby le Wold' -> 7e/6r in 9.3s
[2026-08-28T11:07:21] [1680/1990] 'Wolds Top' -> 7e/6r in 9.6s
[2026-08-28T11:07:34] [1681/1990] 'Caistor' -> 14e/9r in 12.8s
[2026-08-28T11:07:40] [1682/1990] 'Welton Le Wold' -> 4e/3r in 5.9s
[2026-08-28T11:07:52] [1683/1990] 'Biscathorpe' -> 9e/8r in 10.8s
[2026-08-28T11:08:01] [1684/1990] 'Welton, Lincolnshire' -> 8e/7r in 9.6s
[2026-08-28T11:08:10] [1685/1990] 'Hallington' -> 7e/5r in 8.2s
[2026-08-28T11:08:20] [1686/1990] 'Grimblethorpe' -> 7e/6r in 9.1s
[2026-08-28T11:08:28] [1687/1990] 'Madhuri Desai' -> 6e/5r in 8.4s
[2026-08-28T11:08:40] [1688/1990] 'Red Doors' -> 9e/9r in 11.3s
[2026-08-28T11:08:48] [1689/1990] 'Milo Parker' -> 5e/4r in 7.3s
[2026-08-28T11:09:00] [1690/1990] 'Ghosthunters on Icy Trails' -> 12e/10r in 12.1s
[2026-08-28T11:09:14] [1691/1990] 'Mr. Holmes' -> 11e/10r in 12.8s
[2026-08-28T11:09:29] [1692/1990] 'The Mighty Celt' -> 15e/15r in 14.8s
[2026-08-28T11:09:36] [1693/1990] 'Veerasamy' -> 6e/4r in 6.8s
[2026-08-28T11:09:49] [1694/1990] 'Francesca Fowler' -> 10e/9r in 12.3s
[2026-08-28T11:09:57] [1695/1990] 'Milo Parker Jewett' -> 6e/5r in 8.4s
[2026-08-28T11:10:09] [1696/1990] 'Robot Overlords' -> 11e/9r in 11.0s
[2026-08-28T11:10:20] [1697/1990] 'David Hutcheson' -> 9e/8r in 10.8s
[2026-08-28T11:10:31] [1698/1990] 'The Lady Craved Excitement' -> 10e/9r in 10.6s
[2026-08-28T11:10:39] [1699/1990] 'Sid James' -> 6e/5r in 7.3s
[2026-08-28T11:10:46] [1700/1990] 'Harry Cheshire' -> 5e/4r in 6.7s
[2026-08-28T11:11:05] [1701/1990] 'Forget Me Not Farm' -> 15e/20r in 18.3s
[2026-08-28T11:11:13] [1702/1990] 'Evan Thomas (actor)' -> 6e/5r in 7.6s
[2026-08-28T11:11:20] [1703/1990] 'Terence Morgan' -> 8e/3r in 7.4s
[2026-08-28T11:11:29] [1704/1990] 'Francis Searle' -> 7e/4r in 8.1s
[2026-08-28T11:11:34] [1705/1990] 'Campbell Singer' -> 3e/2r in 5.0s
[2026-08-28T11:11:41] [1706/1990] 'Basil Moss' -> 5e/4r in 6.8s
[2026-08-28T11:11:57] [1707/1990] '...Ready for It?' -> 13e/13r in 14.9s
[2026-08-28T11:12:06] [1708/1990] 'Our Song (Taylor Swift song)' -> 8e/7r in 9.4s
[2026-08-28T11:12:16] [1709/1990] 'Beautiful Eyes' -> 9e/6r in 8.9s
[2026-08-28T11:12:28] [1710/1990] 'Fearless (Taylor Swift album)' -> 10e/11r in 12.3s
[2026-08-28T11:12:35] [1711/1990] 'Reputation (Taylor Swift album)' -> 4e/3r in 5.7s
[2026-08-28T11:12:45] [1712/1990] 'Picture to Burn' -> 9e/8r in 10.0s
[2026-08-28T11:12:58] [1713/1990] 'The Taylor Swift Holiday Collection' -> 13e/10r in 13.0s
[2026-08-28T11:13:11] [1714/1990] 'Taylor Swift (album)' -> 11e/10r in 12.6s
[2026-08-28T11:13:24] [1715/1990] 'Fearless (Taylor Swift song)' -> 11e/10r in 12.0s
[2026-08-28T11:13:37] [1716/1990] 'Teardrops on My Guitar' -> 11e/10r in 12.3s
[2026-08-28T11:13:41] [1717/1990] 'Calque' -> 2e/1r in 3.9s
[2026-08-28T11:13:57] [1718/1990] 'Sarmad Abdul Ghafoor' -> 12e/11r in 16.1s
[2026-08-28T11:14:05] [1719/1990] 'Jal Pari (album)' -> 6e/5r in 7.3s
[2026-08-28T11:14:24] [1720/1990] 'Megan Staffel' -> 17e/16r in 18.2s
[2026-08-28T11:14:32] [1721/1990] 'JAL (compiler)' -> 7e/6r in 8.1s
[2026-08-28T11:14:41] [1722/1990] 'Mermaid' -> 7e/6r in 8.5s
[2026-08-28T11:14:50] [1723/1990] 'Homophonic translation' -> 8e/5r in 8.5s
[2026-08-28T11:14:55] [1724/1990] 'Tom Peterson and Another Language' -> 3e/2r in 5.0s
[2026-08-28T11:15:04] [1725/1990] 'Another Language (album)' -> 7e/6r in 8.2s
[2026-08-28T11:15:17] [1726/1990] 'Jal Pari (TV series)' -> 10e/9r in 12.1s
[2026-08-28T11:15:28] [1727/1990] 'Luck's Incorporated' -> 9e/8r in 10.9s
[2026-08-28T11:15:38] [1728/1990] 'Spam (food)' -> 9e/6r in 10.0s
[2026-08-28T11:15:49] [1729/1990] 'Bush Brothers and Company' -> 8e/7r in 10.5s
[2026-08-28T11:16:00] [1730/1990] 'Horno' -> 9e/8r in 10.9s
[2026-08-28T11:16:13] [1731/1990] 'Discada' -> 17e/8r in 12.3s
[2026-08-28T11:16:24] [1732/1990] 'Puin (brand)' -> 8e/8r in 10.7s
[2026-08-28T11:16:33] [1733/1990] 'GFS Canada' -> 7e/6r in 8.6s
[2026-08-28T11:16:47] [1734/1990] 'Plumrose USA' -> 11e/9r in 13.2s
[2026-08-28T11:17:02] [1735/1990] 'Indian Packing Company' -> 13e/12r in 15.0s
[2026-08-28T11:17:10] [1736/1990] 'Spamarama' -> 7e/5r in 7.7s
[2026-08-28T11:17:21] [1737/1990] 'Steven van Weyenberg' -> 9e/7r in 9.9s
[2026-08-28T11:17:30] [1738/1990] 'Jacques Monasch' -> 8e/4r in 9.4s
[2026-08-28T11:17:40] [1739/1990] 'Culture of the Song dynasty' -> 9e/7r in 9.6s
[2026-08-28T11:17:54] [1740/1990] 'Joe Morello' -> 11e/10r in 13.1s
[2026-08-28T11:18:07] [1741/1990] 'Archibald Motley' -> 10e/7r in 12.5s
[2026-08-28T11:18:19] [1742/1990] 'Multiculturalism in the Netherlands' -> 9e/8r in 12.2s
[2026-08-28T11:18:26] [1743/1990] 'Arthur Docters van Leeuwen' -> 5e/3r in 6.6s
[2026-08-28T11:18:38] [1744/1990] 'Antisemitism in the Soviet Union' -> 8e/5r in 11.1s
[2026-08-28T11:18:52] [1745/1990] 'Cornelis Nagtglas' -> 11e/10r in 13.7s
[2026-08-28T11:19:00] [1746/1990] 'Pim Fortuyn' -> 7e/3r in 7.6s
[2026-08-28T11:19:20] [1747/1990] 'Paul Williams (The Young and the Restless)' -> 19e/18r in 19.8s
[2026-08-28T11:19:36] [1748/1990] 'Ego Leonard' -> 12e/11r in 14.9s
[2026-08-28T11:19:42] [1749/1990] 'Ranx the Sentient City' -> 4e/3r in 6.0s
[2026-08-28T11:20:06] [1750/1990] 'Guardians of the Galaxy Vol. 2' -> 23e/21r in 23.2s
[2026-08-28T11:20:12] [1751/1990] 'Mogo' -> 4e/3r in 5.5s
[2026-08-28T11:20:22] [1752/1990] 'Charles Gunn (Angel)' -> 9e/6r in 9.8s
[2026-08-28T11:20:30] [1753/1990] 'Ego the Living Planet' -> 8e/4r in 8.2s
[2026-08-28T11:20:46] [1754/1990] 'Heather Stevens' -> 12e/14r in 15.2s
[2026-08-28T11:20:58] [1755/1990] 'Super (2010 American film)' -> 12e/11r in 12.1s
[2026-08-28T11:21:11] [1756/1990] 'James Gunn' -> 10e/8r in 12.2s
[2026-08-28T11:21:25] [1757/1990] 'Lightning McQueen' -> 10e/9r in 13.4s
[2026-08-28T11:21:38] [1758/1990] 'R9 (New York City Subway car)' -> 10e/10r in 12.9s
[2026-08-28T11:21:51] [1759/1990] 'Paul Newman' -> 11e/8r in 12.3s
[2026-08-28T11:21:59] [1760/1990] 'Ben Queen' -> 8e/5r in 7.8s
[2026-08-28T11:22:05] [1761/1990] 'Smith!' -> 4e/3r in 5.6s
[2026-08-28T11:22:11] [1762/1990] 'Cars 3 (2009 film)' -> 5e/2r in 5.4s
[2026-08-28T11:22:26] [1763/1990] 'Cheech Marin' -> 14e/12r in 14.3s
[2026-08-28T11:22:45] [1764/1990] 'Cars 3' -> 18e/17r in 19.3s
[2026-08-28T11:23:02] [1765/1990] 'Cars 3: Driven to Win' -> 16e/10r in 16.0s
[2026-08-28T11:23:13] [1766/1990] 'Mater (Cars)' -> 8e/7r in 10.5s
[2026-08-28T11:23:20] [1767/1990] 'Chinese Taipei national under-23 football team' -> 5e/3r in 6.6s
[2026-08-28T11:23:39] [1768/1990] 'Chinese Taipei at the 1984 Summer Olympics' -> 13e/16r in 18.6s
[2026-08-28T11:23:47] [1769/1990] 'Chinese Taipei at the 2006 Winter Olympics' -> 8e/4r in 8.3s
[2026-08-28T11:23:56] [1770/1990] 'Chinese Taipei at the 1988 Winter Olympics' -> 6e/4r in 7.8s
[2026-08-28T11:24:06] [1771/1990] 'Chinese Taipei at the 2008 Summer Olympics' -> 8e/6r in 9.7s
[2026-08-28T11:24:14] [1772/1990] 'Chinese Taipei at the 2010 Winter Olympics' -> 7e/4r in 8.3s
[2026-08-28T11:24:35] [1773/1990] 'Chinese Taipei men's national softball team' -> 11e/17r in 20.2s
[2026-08-28T11:24:49] [1774/1990] 'Chinese Taipei at the 2006 Asian Games' -> 11e/9r in 13.1s
[2026-08-28T11:25:05] [1775/1990] 'Kuo Lee Chien-fu' -> 9e/13r in 16.0s
[2026-08-28T11:25:05] [GPU GUARD] paused at 79C (threshold 79C)
[2026-08-28T11:26:16] [GPU GUARD] resumed at 55C
[2026-08-28T11:26:23] [1776/1990] 'Calgary' -> 5e/4r in 6.6s
[2026-08-28T11:26:34] [1777/1990] 'Boy Meets World' -> 11e/9r in 11.0s
[2026-08-28T11:26:46] [1778/1990] 'Jimmy Bridges (actor)' -> 12e/11r in 11.7s
[2026-08-28T11:26:56] [1779/1990] 'Penny Bae Bridges' -> 8e/8r in 9.2s
[2026-08-28T11:27:09] [1780/1990] 'List of Happy Endings episodes' -> 14e/11r in 12.7s
[2026-08-28T11:27:22] [1781/1990] 'Cress Williams' -> 11e/9r in 12.1s
[2026-08-28T11:27:30] [1782/1990] 'Penny Framstad' -> 8e/6r in 8.1s
[2026-08-28T11:27:44] [1783/1990] 'Diff'rent Strokes' -> 18e/8r in 13.6s
[2026-08-28T11:27:52] [1784/1990] 'Shashank Bali' -> 5e/4r in 7.2s
[2026-08-28T11:28:06] [1785/1990] 'Kelly Hu' -> 12e/11r in 13.6s
[2026-08-28T11:28:18] [1786/1990] 'Kaley Cuoco' -> 9e/8r in 11.7s
[2026-08-28T11:28:29] [1787/1990] 'Basilica of SS. Ulrich and Afra, Augsburg' -> 8e/8r in 11.0s
[2026-08-28T11:28:41] [1788/1990] 'St. Ulrich's Priory in the Black Forest' -> 8e/7r in 11.0s
[2026-08-28T11:28:48] [1789/1990] 'Neresheim Abbey' -> 5e/4r in 7.1s
[2026-08-28T11:29:01] [1790/1990] 'Kreuzlingen Abbey' -> 12e/7r in 12.3s
[2026-08-28T11:29:09] [1791/1990] 'Léopold Eyharts' -> 5e/4r in 8.0s
[2026-08-28T11:29:17] [1792/1990] 'Ulrich Walter' -> 6e/5r in 7.0s
[2026-08-28T11:29:31] [1793/1990] 'Schwächen' -> 12e/11r in 14.0s
[2026-08-28T11:29:42] [1794/1990] 'Amen.' -> 9e/8r in 10.2s
[2026-08-28T11:30:07] [1795/1990] 'Ulrich S. Schubert' -> 18e/17r in 25.0s
[2026-08-28T11:30:19] [1796/1990] 'Ulrich Diesing' -> 8e/7r in 11.2s
[2026-08-28T11:30:24] [1797/1990] 'Slavery in Libya' -> 3e/2r in 4.9s
[2026-08-28T11:30:34] [1798/1990] 'Great Is My Country' -> 8e/6r in 9.5s
[2026-08-28T11:30:48] [1799/1990] 'Oleg Makara' -> 13e/7r in 13.0s
[2026-08-28T11:31:06] [1800/1990] 'Christopher Guest' -> 11e/21r in 17.7s
[2026-08-28T11:31:13] [1801/1990] 'Roman Karmen' -> 5e/4r in 7.2s
[2026-08-28T11:31:20] [1802/1990] 'Music for Dogs' -> 5e/4r in 6.5s
[2026-08-28T11:31:34] [1803/1990] 'Gerold, Prefect of Bavaria' -> 11e/9r in 13.8s
[2026-08-28T11:31:46] [1804/1990] 'Science Supercourse' -> 10e/8r in 11.4s
[2026-08-28T11:31:54] [1805/1990] 'Nuremberg Trials (film)' -> 6e/4r in 7.9s
[2026-08-28T11:32:04] [1806/1990] 'Women's Missionary and Service Commission' -> 7e/5r in 9.6s
[2026-08-28T11:32:31] [1807/1990] 'Rolando Panerai' -> 21e/19r in 25.7s
[2026-08-28T11:32:40] [1808/1990] 'Santa Maria del Rosario a Portamedina' -> 8e/5r in 8.9s
[2026-08-28T11:33:00] [1809/1990] 'Eugenio Cavallini' -> 19e/14r in 20.0s
[2026-08-28T11:33:10] [1810/1990] 'Giovanna d'Arco' -> 7e/6r in 9.4s
[2026-08-28T11:33:16] [1811/1990] 'Giuseppe Verdi' -> 3e/2r in 5.5s
[2026-08-28T11:33:28] [1812/1990] 'Folke Jonsson' -> 11e/8r in 11.6s
[2026-08-28T11:33:48] [1813/1990] 'American Opera Society' -> 16e/15r in 19.0s
[2026-08-28T11:33:59] [1814/1990] 'Giovanna Gray' -> 8e/8r in 11.0s
[2026-08-28T11:34:09] [1815/1990] 'Giovanna d'Arco al rogo' -> 9e/6r in 9.8s
[2026-08-28T11:34:21] [1816/1990] 'Filippo Colini' -> 8e/7r in 11.2s
[2026-08-28T11:34:27] [1817/1990] 'Karan Malhotra' -> 4e/3r in 5.8s
[2026-08-28T11:34:32] [1818/1990] 'Kim Dong-won' -> 3e/2r in 4.5s
[2026-08-28T11:34:43] [1819/1990] 'R2B: Return to Base' -> 9e/8r in 10.5s
[2026-08-28T11:34:51] [1820/1990] 'Kim Dong-won (filmmaker, born 1955)' -> 6e/3r in 7.2s
[2026-08-28T11:35:01] [1821/1990] 'City of Damnation' -> 10e/6r in 9.8s
[2026-08-28T11:35:14] [1822/1990] 'Per 100.000 dollari ti ammazzo' -> 9e/8r in 12.7s
[2026-08-28T11:35:25] [1823/1990] 'Brady Corbet' -> 10e/7r in 10.8s
[2026-08-28T11:35:32] [1824/1990] 'Kim Dong-won (director, born 1962)' -> 5e/3r in 6.5s
[2026-08-28T11:35:41] [1825/1990] 'My Boss, My Teacher' -> 6e/6r in 8.4s
[2026-08-28T11:35:52] [1826/1990] 'Muffin Top: A Love Story' -> 8e/7r in 10.4s
[2026-08-28T11:35:59] [1827/1990] 'Millennium Green' -> 7e/3r in 7.1s
[2026-08-28T11:36:05] [1828/1990] 'Millennium Forest for Scotland' -> 4e/2r in 5.5s
[2026-08-28T11:36:14] [1829/1990] 'Doorstep Greens' -> 6e/6r in 9.0s
[2026-08-28T11:36:23] [1830/1990] 'Alliance 90/The Greens Hamburg' -> 5e/4r in 7.7s
[2026-08-28T11:36:34] [1831/1990] 'Global Greens Charter' -> 10e/8r in 11.1s
[2026-08-28T11:36:46] [1832/1990] 'Papua New Guinea Greens' -> 9e/8r in 11.2s
[2026-08-28T11:36:55] [1833/1990] 'List of golf courses in The Villages' -> 5e/7r in 8.5s
[2026-08-28T11:36:59] [1834/1990] 'National Lottery (United Kingdom)' -> 2e/1r in 3.9s
[2026-08-28T11:37:07] [1835/1990] 'Frithjof Schmidt' -> 6e/5r in 7.9s
[2026-08-28T11:37:17] [1836/1990] 'Collard greens' -> 8e/7r in 9.0s
[2026-08-28T11:37:23] [1837/1990] 'London International Documentary Festival' -> 4e/3r in 5.9s
[2026-08-28T11:37:29] [1838/1990] 'Docville' -> 4e/2r in 5.3s
[2026-08-28T11:37:40] [1839/1990] 'Chagrin Documentary Film Festival' -> 9e/8r in 11.1s
[2026-08-28T11:37:51] [1840/1990] 'British Journal' -> 8e/6r in 10.4s
[2026-08-28T11:37:56] [1841/1990] 'London Review of Books' -> 3e/2r in 4.6s
[2026-08-28T11:38:03] [1842/1990] 'FreedomFilmFest' -> 5e/3r in 6.4s
[2026-08-28T11:38:15] [1843/1990] 'Doc NYC' -> 11e/10r in 11.3s
[2026-08-28T11:38:23] [1844/1990] 'British Journal of Social Psychology' -> 6e/5r in 8.2s
[2026-08-28T11:38:37] [1845/1990] 'Thomas Gordon (writer)' -> 13e/9r in 13.5s
[2026-08-28T11:38:51] [1846/1990] 'New Haven Documentary Film Festival' -> 12e/10r in 13.9s
[2026-08-28T11:39:05] [1847/1990] 'Palm Tran' -> 11e/10r in 12.7s
[2026-08-28T11:39:15] [1848/1990] 'North Palm Beach County General Aviation Airport' -> 8e/5r in 9.7s
[2026-08-28T11:39:28] [1849/1990] 'Cloud Lake, Florida' -> 12e/10r in 12.7s
[2026-08-28T11:39:43] [1850/1990] 'West Palm Beach, Florida' -> 12e/12r in 14.3s
[2026-08-28T11:39:56] [1851/1990] 'Florida State Road 882' -> 11e/9r in 12.8s
[2026-08-28T11:40:09] [1852/1990] 'Century Village, Florida' -> 10e/10r in 12.6s
[2026-08-28T11:40:21] [1853/1990] 'Palm Springs, Florida' -> 10e/9r in 11.5s
[2026-08-28T11:40:30] [1854/1990] 'Palm Beach County Glades Airport' -> 6e/5r in 9.2s
[2026-08-28T11:40:41] [1855/1990] 'Literacy Coalition of Palm Beach County' -> 7e/6r in 10.2s
[2026-08-28T11:40:55] [1856/1990] 'Palm Beach County, Florida' -> 11e/9r in 13.7s
[2026-08-28T11:41:08] [1857/1990] 'Phineas and Ferb (season 2)' -> 13e/8r in 12.0s
[2026-08-28T11:41:19] [1858/1990] 'Ashley Tisdale' -> 8e/8r in 11.1s
[2026-08-28T11:41:35] [1859/1990] 'Ben Folds Five' -> 14e/12r in 15.8s
[2026-08-28T11:41:47] [1860/1990] 'My Own Worst Enemy (song)' -> 8e/9r in 10.9s
[2026-08-28T11:42:03] [1861/1990] 'Sara Bareilles' -> 16e/10r in 15.9s
[2026-08-28T11:42:15] [1862/1990] 'Sara Poulsen' -> 10e/9r in 11.6s
[2026-08-28T11:42:27] [1863/1990] 'Phineas and Ferb (season 3)' -> 11e/8r in 11.5s
[2026-08-28T11:42:35] [1864/1990] 'Candace Flynn' -> 5e/4r in 7.6s
[2026-08-28T11:42:44] [1865/1990] 'Emma Stevens' -> 7e/5r in 8.4s
[2026-08-28T11:42:55] [1866/1990] 'Phineas and Ferb (season 1)' -> 9e/8r in 10.9s
[2026-08-28T11:43:10] [1867/1990] 'Variable universal life insurance' -> 13e/9r in 13.9s
[2026-08-28T11:43:19] [1868/1990] 'Option time value' -> 7e/5r in 9.3s
[2026-08-28T11:43:33] [1869/1990] 'Sunday Mattress' -> 12e/11r in 13.4s
[2026-08-28T11:43:51] [1870/1990] 'List of Burger King products' -> 17e/15r in 17.5s
[2026-08-28T11:43:57] [1871/1990] 'John C. Bogle' -> 3e/2r in 5.1s
[2026-08-28T11:44:04] [1872/1990] 'Forward premium anomaly' -> 6e/4r in 7.3s
[2026-08-28T11:44:15] [1873/1990] 'Minority discount' -> 9e/7r in 9.9s
[2026-08-28T11:44:25] [1874/1990] 'Universal life insurance' -> 8e/7r in 10.2s
[2026-08-28T11:44:37] [1875/1990] 'Value premium' -> 9e/9r in 11.7s
[2026-08-28T11:44:49] [1876/1990] 'Tesco Venture Brands' -> 10e/9r in 11.1s
[2026-08-28T11:45:00] [1877/1990] 'Kelly D. Brownell' -> 9e/6r in 10.6s
[2026-08-28T11:45:12] [1878/1990] 'Jeffrey MacKie-Mason' -> 10e/7r in 11.2s
[2026-08-28T11:45:25] [1879/1990] 'Michael Osterholm' -> 9e/8r in 13.0s
[2026-08-28T11:45:48] [1880/1990] 'City University, Malaysia' -> 21e/19r in 22.4s
[2026-08-28T11:45:59] [1881/1990] 'Zhang Kangzhi' -> 9e/6r in 10.3s
[2026-08-28T11:52:08] [1882/1990] 'Edwin Busuttil' -> 0e/0r in 369.1s [WARN empty]
[2026-08-28T11:52:16] [1883/1990] 'Southern Cross University' -> 6e/5r in 7.9s
[2026-08-28T11:58:26] [1884/1990] 'Diamela Eltit' -> 0e/0r in 369.1s [WARN empty]
[2026-08-28T11:58:39] [1885/1990] 'Paolo Leon' -> 10e/9r in 12.2s
[2026-08-28T11:58:58] [1886/1990] 'Achille Mbembe' -> 16e/12r in 18.5s
[2026-08-28T11:59:11] [1887/1990] 'Fighting Cock Society' -> 9e/8r in 13.2s
[2026-08-28T11:59:11] [GPU GUARD] paused at 79C (threshold 79C)
[2026-08-28T12:00:32] [GPU GUARD] resumed at 55C
[2026-08-28T12:00:41] [1888/1990] 'The Fighting Cock' -> 7e/6r in 8.4s
[2026-08-28T12:00:54] [1889/1990] 'Casey County, Kentucky' -> 11e/9r in 12.2s
[2026-08-28T12:01:09] [1890/1990] 'John Logan (pioneer)' -> 15e/10r in 14.8s
[2026-08-28T12:01:17] [1891/1990] 'Modern Game fowl' -> 8e/3r in 7.1s
[2026-08-28T12:01:26] [1892/1990] 'Fighting Cock (bourbon)' -> 7e/6r in 8.5s
[2026-08-28T12:01:40] [1893/1990] 'Hasanuddin of Gowa' -> 11e/9r in 13.9s
[2026-08-28T12:01:51] [1894/1990] 'Kentucky County, Virginia' -> 9e/7r in 10.3s
[2026-08-28T12:01:56] [1895/1990] 'Fighting cock (disambiguation)' -> 3e/2r in 4.8s
[2026-08-28T12:02:10] [1896/1990] 'Bardstown, Kentucky' -> 12e/11r in 13.6s
[2026-08-28T12:02:25] [1897/1990] 'Irreligion in Mexico' -> 12e/10r in 14.2s
[2026-08-28T12:02:35] [1898/1990] 'Albert, Duke of Prussia' -> 8e/5r in 9.8s
[2026-08-28T12:02:42] [1899/1990] 'Dorothea of Denmark, Duchess of Prussia' -> 6e/3r in 7.1s
[2026-08-28T12:02:57] [1900/1990] 'Religion in Abkhazia' -> 10e/8r in 13.8s
[2026-08-28T12:03:10] [1901/1990] 'Freedom of religion in Iran' -> 11e/11r in 12.5s
[2026-08-28T12:03:20] [1902/1990] 'Marapu' -> 8e/7r in 9.9s
[2026-08-28T12:03:35] [1903/1990] 'List of monarchs of Prussia' -> 11e/10r in 15.0s
[2026-08-28T12:03:47] [1904/1990] 'Women's education in Saudi Arabia' -> 12e/7r in 11.5s
[2026-08-28T12:03:56] [1905/1990] 'State religion' -> 6e/5r in 7.8s
[2026-08-28T12:04:10] [1906/1990] 'Kotrag' -> 12e/9r in 13.6s
[2026-08-28T12:04:18] [1907/1990] 'Annette Verschuren' -> 8e/5r in 8.2s
[2026-08-28T12:04:31] [1908/1990] 'Powell v. Home Depot USA, Inc.' -> 9e/10r in 12.3s
[2026-08-28T12:04:43] [1909/1990] 'Ron Brill' -> 7e/9r in 11.4s
[2026-08-28T12:04:53] [1910/1990] 'Frank Blake' -> 9e/6r in 9.6s
[2026-08-28T12:05:03] [1911/1990] 'Hughes Supply' -> 9e/7r in 10.1s
[2026-08-28T12:05:12] [1912/1990] 'Home Depot Landscape Supply' -> 7e/6r in 8.5s
[2026-08-28T12:05:20] [1913/1990] 'Douglas Conant' -> 5e/5r in 7.3s
[2026-08-28T12:05:27] [1914/1990] 'Frank Blake (American football)' -> 6e/5r in 6.9s
[2026-08-28T12:05:36] [1915/1990] 'Robert Nardelli' -> 8e/4r in 8.3s
[2026-08-28T12:05:46] [1916/1990] 'Husky (tools)' -> 7e/6r in 9.2s
[2026-08-28T12:06:04] [1917/1990] 'The Man from U.N.C.L.E. (film)' -> 16e/15r in 17.9s
[2026-08-28T12:06:18] [1918/1990] 'Free Fire' -> 14e/13r in 13.6s
[2026-08-28T12:06:26] [1919/1990] 'Billy: The Early Years' -> 7e/4r in 7.8s
[2026-08-28T12:06:33] [1920/1990] 'On the Basis of Sex' -> 5e/3r in 6.2s
[2026-08-28T12:06:46] [1921/1990] 'Nocturnal Animals' -> 18e/6r in 12.7s
[2026-08-28T12:07:04] [1922/1990] 'The Lone Ranger (2013 film)' -> 17e/16r in 17.2s
[2026-08-28T12:07:22] [1923/1990] 'Hotel Mumbai' -> 16e/15r in 17.6s
[2026-08-28T12:07:34] [1924/1990] 'Armie Hammer' -> 10e/9r in 11.5s
[2026-08-28T12:07:48] [1925/1990] 'The Social Network' -> 13e/11r in 13.3s
[2026-08-28T12:08:00] [1926/1990] 'Call Me by Your Name (film)' -> 10e/9r in 11.5s
[2026-08-28T12:08:11] [1927/1990] 'Matt Stajan' -> 10e/8r in 11.2s
[2026-08-28T12:08:22] [1928/1990] 'Paul Bittner' -> 9e/7r in 10.4s
[2026-08-28T12:08:37] [1929/1990] 'Ryan Johansen' -> 13e/11r in 14.0s
[2026-08-28T12:08:48] [1930/1990] 'Nail Yakupov' -> 10e/6r in 10.6s
[2026-08-28T12:09:00] [1931/1990] 'Brendan Perlini' -> 8e/7r in 11.5s
[2026-08-28T12:09:11] [1932/1990] 'Brock Boeser' -> 9e/8r in 11.2s
[2026-08-28T12:09:23] [1933/1990] 'Ivan Barbashev' -> 11e/7r in 11.2s
[2026-08-28T12:09:32] [1934/1990] 'Oscar Dansk' -> 8e/6r in 8.8s
[2026-08-28T12:09:45] [1935/1990] 'Mackenzie Blackwood' -> 11e/8r in 12.9s
[2026-08-28T12:10:01] [1936/1990] '2016 World Junior Ice Hockey Championships' -> 12e/11r in 15.3s
[2026-08-28T12:10:13] [1937/1990] 'Pin firing' -> 10e/9r in 11.7s
[2026-08-28T12:10:22] [1938/1990] 'Slinzega' -> 7e/6r in 8.7s
[2026-08-28T12:10:33] [1939/1990] 'Equinalysis' -> 8e/7r in 9.7s
[2026-08-28T12:10:49] [1940/1990] 'Bear Lake Stake Tabernacle' -> 13e/11r in 15.5s
[2026-08-28T12:10:56] [1941/1990] 'Asamoah Gyan' -> 5e/4r in 7.3s
[2026-08-28T12:11:10] [1942/1990] 'Mariana Kovacevic' -> 14e/9r in 13.3s
[2026-08-28T12:11:19] [1943/1990] 'Treatment of equine lameness' -> 7e/6r in 8.5s
[2026-08-28T12:11:26] [1944/1990] 'Oleai Sports Complex' -> 5e/3r in 6.3s
[2026-08-28T12:11:33] [1945/1990] 'Elizabeth M. Ramsey' -> 7e/3r in 7.2s
[2026-08-28T12:11:48] [1946/1990] 'Asipu' -> 11e/10r in 13.7s
[2026-08-28T12:12:06] [1947/1990] 'Pioneer Instrument Company' -> 13e/15r in 18.4s
[2026-08-28T12:12:22] [1948/1990] 'Missouri Photo Workshop' -> 14e/11r in 15.0s
[2026-08-28T12:12:37] [1949/1990] 'Japanese Instrument of Surrender' -> 14e/13r in 15.0s
[2026-08-28T12:12:56] [1950/1990] 'David Rice Atchison' -> 16e/12r in 18.1s
[2026-08-28T12:13:09] [1951/1990] 'Stephen N. Limbaugh Sr.' -> 14e/7r in 12.8s
[2026-08-28T12:13:27] [1952/1990] 'Truman State University' -> 14e/12r in 18.0s
[2026-08-28T12:13:41] [1953/1990] 'Harry S Truman Birthplace State Historic Site' -> 11e/9r in 12.8s
[2026-08-28T12:19:50] [1954/1990] 'Appointment in Tokyo' -> 0e/0r in 369.2s [WARN empty]
[2026-08-28T12:20:06] [1955/1990] 'Harry S. Truman' -> 13e/12r in 15.3s
[2026-08-28T12:20:06] [GPU GUARD] paused at 80C (threshold 79C)
[2026-08-28T12:21:27] [GPU GUARD] resumed at 55C
[2026-08-28T12:21:36] [1956/1990] 'Lamar, Missouri' -> 7e/5r in 8.0s
[2026-08-28T12:21:47] [1957/1990] 'Iron Mike Productions' -> 12e/8r in 11.3s
[2026-08-28T12:21:56] [1958/1990] 'Brandon Vera' -> 8e/5r in 8.7s
[2026-08-28T12:22:14] [1959/1990] 'UCW-Zero Heavyweight Championship' -> 18e/7r in 17.3s
[2026-08-28T12:22:29] [1960/1990] 'MCW Heavyweight Championship' -> 11e/9r in 14.5s
[2026-08-28T12:22:42] [1961/1990] 'WWC Universal Heavyweight Championship' -> 10e/8r in 11.9s
[2026-08-28T12:22:52] [1962/1990] 'WEC 20' -> 8e/8r in 10.5s
[2026-08-28T12:23:01] [1963/1990] 'James Irvin (fighter)' -> 8e/6r in 8.5s
[2026-08-28T12:23:12] [1964/1990] 'Zuffa' -> 9e/7r in 10.3s
[2026-08-28T12:23:19] [1965/1990] 'Law School Transparency' -> 4e/4r in 6.0s
[2026-08-28T12:23:26] [1966/1990] 'Brian Olsen' -> 5e/4r in 6.7s
[2026-08-28T12:23:35] [1967/1990] 'Automan' -> 8e/7r in 8.9s
[2026-08-28T12:23:44] [1968/1990] 'Mr. &amp; Mrs. Mxyzptlk' -> 6e/5r in 8.3s
[2026-08-28T12:23:53] [1969/1990] 'Mirrorman' -> 7e/6r in 9.1s
[2026-08-28T12:24:07] [1970/1990] 'Seven Color Mask' -> 15e/9r in 13.5s
[2026-08-28T12:24:19] [1971/1990] 'Warrior of Love Rainbowman' -> 10e/7r in 11.0s
[2026-08-28T12:24:31] [1972/1990] 'Special Rescue Exceedraft' -> 9e/8r in 11.2s
[2026-08-28T12:24:40] [1973/1990] 'Chouseishin Gransazer' -> 8e/6r in 9.3s
[2026-08-28T12:24:55] [1974/1990] 'Supergirl (TV series)' -> 13e/12r in 14.4s
[2026-08-28T12:25:06] [1975/1990] 'Android Kikaider' -> 10e/7r in 10.7s
[2026-08-28T12:25:18] [1976/1990] 'Jushin Liger (anime)' -> 9e/8r in 11.6s
[2026-08-28T12:25:25] [1977/1990] 'Emily Morse' -> 5e/3r in 6.3s
[2026-08-28T12:25:33] [1978/1990] 'Emily Vanhoutte' -> 6e/3r in 7.6s
[2026-08-28T12:25:40] [1979/1990] 'Emily Grierson' -> 4e/3r in 6.1s
[2026-08-28T12:25:49] [1980/1990] 'Vanessa Williams' -> 7e/5r in 8.6s
[2026-08-28T12:25:56] [1981/1990] 'Miss Emily's Picture' -> 5e/4r in 6.6s
[2026-08-28T12:26:12] [1982/1990] 'Port Talbot War Memorial' -> 15e/9r in 15.6s
[2026-08-28T12:26:30] [1983/1990] 'John Conlee' -> 16e/15r in 18.0s
[2026-08-28T12:26:43] [1984/1990] 'Further Chronicles of Avonlea' -> 7e/10r in 11.7s
[2026-08-28T12:26:55] [1985/1990] 'Emily Parker Groom' -> 13e/12r in 12.3s
[2026-08-28T12:27:14] [1986/1990] 'Goombay Smash' -> 17e/16r in 18.6s
[2026-08-28T12:27:20] [1987/1990] 'Krachi West District' -> 3e/2r in 5.2s
[2026-08-28T12:27:26] [1988/1990] 'Dambai' -> 4e/3r in 5.9s
[2026-08-28T12:27:40] [1989/1990] 'Kete Krachi' -> 12e/9r in 13.1s
[2026-08-28T12:27:51] [1990/1990] 'Kwadjokrom' -> 9e/8r in 10.7s
[2026-08-29T01:59:37] [RECOVERY] 'List of horror films of the 1930s' -> 18e/20r
[2026-08-29T01:59:44] [RECOVERY] 'Schutzhund' -> 5e/3r
[2026-08-29T02:00:15] [RECOVERY] 'Edwin Busuttil' -> 25e/24r
[2026-08-29T02:00:44] [RECOVERY] 'Diamela Eltit' -> 37e/16r
[2026-08-29T02:00:57] [RECOVERY] 'Appointment in Tokyo' -> 13e/9r
